,product,link,review_count,star
0,[아모레퍼시픽] 한가위 BEST 선물세트 모음전! #설화수#헤라#프리메라#메이크온,https://www.11st.co.kr/products/2217098035?inpu=&trTypeCd=22&trCtgrNo=895019,22589,4.8
1,[더주] 유명한 말랑장족! 컷팅장족/눌린장족 100g / 주전부리 모음,https://www.11st.co.kr/products/2350103480?inpu=&trTypeCd=22&trCtgrNo=895019,12276,4.6
2,농심 대표라면 신라면20입/너구리20입/짜파게티20입/안성탕면20입/짜왕 16입,https://www.11st.co.kr/products/4689413115?inpu=&trTypeCd=22&trCtgrNo=895019,1423,4.8
3,맥심 모카/화이트골드 360T 외 모음전,https://www.11st.co.kr/products/3898502625?inpu=&trTypeCd=22&trCtgrNo=895019,3200,4.8
4,"[농할가13,610원] 제주농협 하우스감귤 2.5kg 4.5kg #로얄과 #소과",https://www.11st.co.kr/products/2423274503?inpu=&trTypeCd=22&trCtgrNo=895019,52785,4.5
5,페넬로페 기저귀 모음,https://www.11st.co.kr/products/4066101824?inpu=&trTypeCd=22&trCtgrNo=895019,676,4.8
6,[15%중복][베베쿡] 인기 유아 식품 총집합/배도라지/김/반찬/과자/간식/사르르쿵/쌀쿵,https://www.11st.co.kr/products/1929823447?inpu=&trTypeCd=22&trCtgrNo=895019,4729,4.7
7,하림 용가리치킨 300gX3봉 외 닭가슴살/튀김 골라담기,https://www.11st.co.kr/products/3278504394?inpu=&trTypeCd=22&trCtgrNo=895019,13568,4.7
8,[30%즉시할인] 페넬로페 아기물티슈 퐁피두 20팩 외 고평량 본보야지 BEST 특별전,https://www.11st.co.kr/products/1346403339?inpu=&trTypeCd=22&trCtgrNo=895019,118282,4.6
9,[기프티콘] 이마트/트레이더스 5만원권,https://www.11st.co.kr/products/4730266200?inpu=&trTypeCd=22&trCtgrNo=895019,2007,4.9
10,켈로그시리얼 2~3개구성/콘푸로스트라이트슈가530gx2개/후르트링/현미/첵스초코/그래놀,https://www.11st.co.kr/products/3988274976?inpu=&trTypeCd=22&trCtgrNo=895019,7422,4.8
11,상하목장 유기농 멸균우유 200ml 24팩외 매일유업 음료 36종 모음전,https://www.11st.co.kr/products/3839308375?inpu=&trTypeCd=22&trCtgrNo=895019,2032,4.8
12,[오늘예판마감][자급제]삼성 갤럭시 Z플립4 256GB 5G/LTE 유심호환 SM-F721N,https://www.11st.co.kr/products/4738007010?inpu=&trTypeCd=22&trCtgrNo=895019,339,4.9
13,[본사공식몰] 드시모네 국내유일 장 면역 냉장 유산균+사은품 증정,https://www.11st.co.kr/products/1424959693?inpu=&trTypeCd=22&trCtgrNo=895019,22556,4.7
14,매일유업 아몬드브리즈 190ml 24팩 (오리지널/언스위트/프로틴/초콜릿 외),https://www.11st.co.kr/products/3839290101?inpu=&trTypeCd=22&trCtgrNo=895019,15424,4.8
15,"[쿠폰가23,850원]완도 활 전복1kg 12-14미 횟감용 몸보신용 전복 특대전복+ 세척솔 증",https://www.11st.co.kr/products/2043794369?inpu=&trTypeCd=22&trCtgrNo=895019,8647,4.6
16,라텍스 니트릴장갑 100매+100매=200매 요리용 위생 일회용 요리장갑 니트릴라텍스,https://www.11st.co.kr/products/1437960267?inpu=&trTypeCd=22&trCtgrNo=895019,21828,4.6
17,[30%쿠폰] 가을시즌 오픈 씨/이사베이/베스띠벨리 원피스/블라우스/니트/스커트 100종,https://www.11st.co.kr/products/1847662397?inpu=&trTypeCd=22&trCtgrNo=895019,9906,4.4
18,[기프티콘] 이마트/트레이더스 3만원권,https://www.11st.co.kr/products/4730241117?inpu=&trTypeCd=22&trCtgrNo=895019,1015,4.9
19,"[14%+20% 쿠폰 혜택가 20,340원] 더신선 태안 자연산 활꽃게 2kg 6~10미 / 금어기 끝!",https://www.11st.co.kr/products/3001439932?inpu=&trTypeCd=22&trCtgrNo=895019,11207,4.3
20,왕타 아쿠아 어린이 칫솔 12개입 / 24개입,https://www.11st.co.kr/products/3932482677?inpu=&trTypeCd=22&trCtgrNo=895019,1869,4.7
21,[건강한 원초] 유기원초로 만든 친환경 재래 도시락김 4.5g×36봉 / 전장김 / 두번구운,https://www.11st.co.kr/products/4180540716?inpu=&trTypeCd=22&trCtgrNo=895019,1883,4.7
22,[바로생수] 스파클 생수 2L 30개,https://www.11st.co.kr/products/2619185825?inpu=&trTypeCd=22&trCtgrNo=895019,88883,4.8
23,[77%할인]간절기&가을룩/시즌오프원가이하! 대표데일리룩/원피스/가디건/블라우스/티셔,https://www.11st.co.kr/products/4799199527?inpu=&trTypeCd=22&trCtgrNo=895019,1,5
24,[본사직영] 생수 아이시스 8.0 2L/무라벨1.5L/1L/500ml/300ml/200ml,https://www.11st.co.kr/products/1792205310?inpu=&trTypeCd=22&trCtgrNo=895019,51476,4.7
25,[아가방x디어베이비] 35% 겨울 역시즌 점퍼/내의/상하복/티셔츠 外 100종,https://www.11st.co.kr/products/2818395689?inpu=&trTypeCd=22&trCtgrNo=895019,10401,4.7
26,만능 짤순이 오이지 다짜고짜 짤순이 / 밑반찬 필수템 장아찌 오이지 야채탈수기,https://www.11st.co.kr/products/3770598803?inpu=&trTypeCd=22&trCtgrNo=895019,195,4.5
27,스타벅스! 스너글 블루스파클 플러스 5L 초고농축 섬유유연제 외 탈취제/유연제 모음,https://www.11st.co.kr/products/4235049108?inpu=&trTypeCd=22&trCtgrNo=895019,671,4.8
28,스타벅스! 스너글 블루스파클 플러스 5L 초고농축 섬유유연제 외 탈취제/유연제 모음,https://www.11st.co.kr/products/4235049108?inpu=&trTypeCd=22&trCtgrNo=895019,671,4.8
29,만능 짤순이 오이지 다짜고짜 짤순이 / 밑반찬 필수템 장아찌 오이지 야채탈수기,https://www.11st.co.kr/products/3770598803?inpu=&trTypeCd=22&trCtgrNo=895019,195,4.5
30,[50매추가] 명절준비 주방필수품 지퍼락 실속 패키지,https://www.11st.co.kr/products/3771878781?inpu=&trTypeCd=22&trCtgrNo=895019,2006,4.7
31,종가집 행복이온 전라도 포기김치 10kg,https://www.11st.co.kr/products/3788671508?inpu=&trTypeCd=22&trCtgrNo=895019,442,4.6
32,[풀무원] 얇은피만두 400gx최대 12봉+ 선착순랜덤 소바or쫄면,https://www.11st.co.kr/products/3103134299?inpu=&trTypeCd=22&trCtgrNo=895019,10514,4.8
33,[기프티콘] 이마트/트레이더스 3만원권,https://www.11st.co.kr/products/4730241117?inpu=&trTypeCd=22&trCtgrNo=895019,1015,4.9
34,NEW 네오에디션 밀폐용기/이유식 용기/렌지쿡/텀블러 모음,https://www.11st.co.kr/products/2123990378?inpu=&trTypeCd=22&trCtgrNo=895019,17170,4.6
35,"[농할가16,720원] 거창군농협 햇 홍로사과 3kg 5kg #16개내 #27개내",https://www.11st.co.kr/products/3749557832?inpu=&trTypeCd=22&trCtgrNo=895019,3198,4.5
36,[아가방x디어베이비] 35% 겨울 역시즌 점퍼/내의/상하복/티셔츠 外 100종,https://www.11st.co.kr/products/2818395689?inpu=&trTypeCd=22&trCtgrNo=895019,10401,4.7
37,KF94 올국산 비움 오나미 에코브리즈 마스크 100매 에코프로 플러스 새부리형 대형 화,https://www.11st.co.kr/products/3809546339?inpu=&trTypeCd=22&trCtgrNo=895019,30885,4.6
38,[닥스키즈]간절기/역시즌 BEST추천템/긴팔/바지/원피스/경량패딩 외,https://www.11st.co.kr/products/2453470489?inpu=&trTypeCd=22&trCtgrNo=895019,4387,4.8
39,[오늘예판마감][사전판매] 삼성갤럭시워치5|워치5프로 시리즈 모음전 블루투스 공식인,https://www.11st.co.kr/products/4651452695?inpu=&trTypeCd=22&trCtgrNo=895019,187,5
40,[타미힐피거/타미진]본사 단독 가을프리뷰! ~30%OFF+추가최대할인! 남녀셔츠/티/점퍼/,https://www.11st.co.kr/products/4672199693?inpu=&trTypeCd=&trCtgrNo=,160,4.5
41,LG 32UN650 80cm 4K 모니터( IPS / HDR /스피커내장),https://www.11st.co.kr/products/3068139028?inpu=&trTypeCd=&trCtgrNo=,691,4.9
42,[클리티룸] 중량up 마이크로필에버 호텔식 베개솜 2개 / 베개커버2장 추천,https://www.11st.co.kr/products/4622451429?inpu=&trTypeCd=&trCtgrNo=,55,4.7
43,[아임닭] 국가대표 닭가슴살/스테이크/소시지 외 BEST 97종 골라담기,https://www.11st.co.kr/products/1043900337?inpu=&trTypeCd=&trCtgrNo=,363634,4.6
44,[단하루 KF94 대형30매 GIFT] 여름용 애니가드 키즈 라이트 새부리 소형1(6~9세)/소형,https://www.11st.co.kr/products/3337972948?inpu=&trTypeCd=&trCtgrNo=,6762,4.6
45,"[최종혜택가 9,980원+사은품][3M] 걸이형 스펀지 수세미 혼합팩 12매입(걸이포함) 외",https://www.11st.co.kr/products/2611604503?inpu=&trTypeCd=&trCtgrNo=,3912,4.6
46,바른 곡물효소 2박스(총60포) 누룽지맛 역가수치 포당 31만,https://www.11st.co.kr/products/3331479769?inpu=&trTypeCd=&trCtgrNo=,6847,4.7
47,[6000원쿠폰+T11%]동서 맥심 화이트골드360T/모카골드360T+보냉백 [400T+미니언즈기획,https://www.11st.co.kr/products/1552989515?inpu=&trTypeCd=&trCtgrNo=,116234,4.7
48,[15%+7%+T중복] 아토팜 추석맞이 미리보습템 최대 59%,https://www.11st.co.kr/products/4151266455?inpu=&trTypeCd=&trCtgrNo=,1863,4.8
49,[할리스] 1만원권,https://www.11st.co.kr/products/4781041260?inpu=&trTypeCd=&trCtgrNo=,5,4.8
50,[공식판매처] 본네 프리미엄 로즈힙 퓨레 주스 3팩,https://www.11st.co.kr/products/4569877777?inpu=&trTypeCd=&trCtgrNo=,146,4.5
51,더블에이(Double A) A4용지 80g 1박스(2500매),https://www.11st.co.kr/products/2968587069?inpu=&trTypeCd=&trCtgrNo=,1102,4.8
52,삼양 띠부씰 짱구 115gX8개 외 사또밥/별뽀빠이/라면스낵 등 인기 과자 모음,https://www.11st.co.kr/products/4587118603?inpu=&trTypeCd=&trCtgrNo=,672,4.7
53,[산과들에] 추석선물 하루견과 한줌 견과류 아몬드 호두 땅콩 100봉 원데이프리미엄 순,https://www.11st.co.kr/products/986472193?inpu=&trTypeCd=&trCtgrNo=,43295,4.6
54,[풀무원] 얇은피만두 400gx최대 12봉+ 선착순랜덤 소바or쫄면,https://www.11st.co.kr/products/3103134299?inpu=&trTypeCd=&trCtgrNo=,10514,4.8
55,[오늘예판마감][사전판매+7%+4종혜택] 삼성 갤럭시 워치5 / 프로 블루투스 모음,https://www.11st.co.kr/products/4756237695?inpu=&trTypeCd=&trCtgrNo=,16,4.6
56,[미자네주막 소고기해장면]x[미스타셰프]육개장4팩外 차돌된장/뚝배기불고기/추어탕/간,https://www.11st.co.kr/products/1981281260?inpu=&trTypeCd=&trCtgrNo=,21474,4.5
57,바디피트 볼록맞춤 슈퍼롱 10Px6팩/구매별 본품+보냉백/생리대/소형/중형/대형/오버나,https://www.11st.co.kr/products/982661526?inpu=&trTypeCd=&trCtgrNo=,26407,4.7
58,[한율] 추석맞이 한율시장 리미티드(빨간쌀진액세트/어린쑥2종세트/달빛유자세트),https://www.11st.co.kr/products/2184816325?inpu=&trTypeCd=&trCtgrNo=,8238,4.8
59,[20%할인+스타벅스] 풀무원 클렌즈주스 디워밍업,https://www.11st.co.kr/products/3850297644?inpu=&trTypeCd=&trCtgrNo=,4,4.8
60,[크록스공식점]35%쿠폰 성인/키즈 클로그외 여름슈즈 단독가!,https://www.11st.co.kr/products/1886351212?inpu=&trTypeCd=&trCtgrNo=,18432,4.7
61,[오늘예판마감][자급제]삼성 갤럭시 Z폴드4 512GB 5G/LTE 유심호환 SM-F936N,https://www.11st.co.kr/products/4768822411?inpu=&trTypeCd=&trCtgrNo=,144,5
62,"[T멤버7,840]엘라스틴 시카클리닉 비듬케어 샴푸 1000ml",https://www.11st.co.kr/products/4638948642?inpu=&trTypeCd=&trCtgrNo=,274,4.6
63,[베베숲]데일리/소프트 휴대 20매 20팩,https://www.11st.co.kr/products/4778515224?inpu=&trTypeCd=&trCtgrNo=,3,4.3
64,쏜리서치 Joint Support Nutrients (formerly AR-Encap) 캡슐 240정,https://www.11st.co.kr/products/4413983122?inpu=&trTypeCd=&trCtgrNo=,,
65,스파클 생수 2리터 X 24병 / 500ml X 80병 / 330ml X 80병 (무라벨),https://www.11st.co.kr/products/3896672010?inpu=&trTypeCd=&trCtgrNo=,2470,4.8
66,iPhone 13 Pro 128G,https://www.11st.co.kr/products/3821969518?inpu=&trTypeCd=&trCtgrNo=,374,4.8
67,"[쿠폰30%+묶음10%]3CE 미스틱 에디션 출시+구매사은 (블러워터,벨벳틴트,멀티아이팔레",https://www.11st.co.kr/products/3579217124?inpu=&trTypeCd=&trCtgrNo=,5041,4.7
68,[30%쿠폰+T11%] 아디다스 신상 외 남녀 BEST 언더웨어 특가,https://www.11st.co.kr/products/2044384083?inpu=&trTypeCd=&trCtgrNo=,39681,4.6
69,[아모레퍼시픽] BEST 상품 모음전! #설화수#헤라#프리메라#메이크온,https://www.11st.co.kr/products/2217118240?inpu=&trTypeCd=&trCtgrNo=,32428,4.8
70,"[농할혜택가 18,980원]더쌀집 경기미10kg(상등급) #찹쌀 #현미찹쌀 #현미",https://www.11st.co.kr/products/4494063582?inpu=&trTypeCd=&trCtgrNo=,2831,4.7
71,"[최종가 8,900원] 해피홈 리퀴드 훈증기 플러그형 + 리필135일 / 살충제 에어로솔 파워",https://www.11st.co.kr/products/2437521100?inpu=&trTypeCd=&trCtgrNo=,2517,4.6
72,앤업카페 맥스 무라벨 (아메리카노/마일드라떼/디카페인),https://www.11st.co.kr/products/4468717982?inpu=&trTypeCd=&trCtgrNo=,375,4.5
73,이고진 요가/헬스 인기운동용품 폼롤러 철봉 요가매트 아령 줄넘기 헬스장갑 덤벨 스텝,https://www.11st.co.kr/products/1418562518?inpu=&trTypeCd=&trCtgrNo=,18724,4.5
74,갤럭시 워치5 프로 45mm 16G,https://www.11st.co.kr/products/4782244483?inpu=&trTypeCd=&trCtgrNo=,37,4.9
75,[나이키/아디다스/뉴발란스外]10%즉할+20%중복! FW시즌 오픈행사,https://www.11st.co.kr/products/4356899990?inpu=&trTypeCd=&trCtgrNo=,1535,4.6
76,[아이허브] 베스트셀러 모음! 비타민 유산균 오메가3 캘리포니아골드 나우푸드 자로우,https://www.11st.co.kr/products/2835570428?inpu=&trTypeCd=&trCtgrNo=,35441,4.7
77,[오늘예판마감][자급제]삼성 갤럭시 Z플립4 512GB 5G/LTE 유심호환 SM-F721N,https://www.11st.co.kr/products/4768849604?inpu=&trTypeCd=&trCtgrNo=,232,4.9
78,[피코크] 조선호텔 포기김치 8kg,https://www.11st.co.kr/products/2888016635?inpu=&trTypeCd=&trCtgrNo=,383,4.8
79,베베앙 오리지널 아기물티슈 캡형 100매 x 10팩,https://www.11st.co.kr/products/3651597884?inpu=&trTypeCd=&trCtgrNo=,4164,4.7
80,KF94 KF-AD 여름용 아이코코 마스크 비말차단 / 컬러에디션 초소형 소형 S N M L 중형,https://www.11st.co.kr/products/3307350168?inpu=&trTypeCd=&trCtgrNo=,28375,4.8
81,"[슈마커]30%쿠폰,아디다스/푸마/웨버 신학기 운동화,스니커즈",https://www.11st.co.kr/products/2028452323?inpu=&trTypeCd=&trCtgrNo=,7541,4.5
82,락토핏 생유산균 5X 골드 3통(150포)+30포증정외 인기 영양제 모음,https://www.11st.co.kr/products/4002274345?inpu=&trTypeCd=&trCtgrNo=,2359,4.8
83,Double A A4용지 80g 2박스(5000매) 더블에이,https://www.11st.co.kr/products/2736747791?inpu=&trTypeCd=&trCtgrNo=,1197,4.8
84,오쏘몰 이뮨 드링크+정제 30일분 2개,https://www.11st.co.kr/products/4383849923?inpu=&trTypeCd=&trCtgrNo=,345,4.9
85,[최종11.500]순수한면 생리대 입는 오버나이트6P x 4팩+증.정/2세트이상 중복 사은,https://www.11st.co.kr/products/3016650611?inpu=&trTypeCd=&trCtgrNo=,1218,4.7
86,정관장 홍삼원 50ml 30포(쇼핑백포함),https://www.11st.co.kr/products/4764784992?inpu=&trTypeCd=&trCtgrNo=,,
87,[오늘예판마감][자급제]삼성 갤럭시 Z폴드4 256GB 5G/LTE 유심호환 SM-F936N,https://www.11st.co.kr/products/4737995550?inpu=&trTypeCd=&trCtgrNo=,131,5
88,[조정석 양배추즙] GNM자연의품격 유기농 양배추 브로콜리진액 실속구성 90ml*100포,https://www.11st.co.kr/products/2374844978?inpu=&trTypeCd=&trCtgrNo=,88,4.8
89,[포장전용]피자헛 립스테이크 골드바이트 L+콜라1.25L,https://www.11st.co.kr/products/4782780837?inpu=&trTypeCd=&trCtgrNo=,65,4.7
90,SK루브리컨츠 지크 탑 5W30 LS 1L (ZIC TOP LS),https://www.11st.co.kr/products/2031408734?inpu=&trTypeCd=&trCtgrNo=,3325,4.8
91,"[KF94 100매=13,200원]아보아 대형 올컬러 국내생산 개별포장 비말차단 일회용마스크",https://www.11st.co.kr/products/4464769380?inpu=&trTypeCd=&trCtgrNo=,267,4.7
92,[카드할인] Apple 아이폰 13 프로 자급제 256GB - 알파인 그린 [MNE33KH/A],https://www.11st.co.kr/products/4494623099?inpu=&trTypeCd=&trCtgrNo=,55,4.9
93,[밀레본사] 인기 FW 다운 패딩 등산복 플리스 바지,https://www.11st.co.kr/products/3368175496?inpu=&trTypeCd=&trCtgrNo=,5132,4.5
94,서울드래곤시티 객실/조식PKG,https://www.11st.co.kr/products/4778162765?inpu=&trTypeCd=&trCtgrNo=,,
95,"[농할가25,520원] 순천농협 순천 배세트 5kg 7.5kg #7-10내 #12내",https://www.11st.co.kr/products/3042928739?inpu=&trTypeCd=&trCtgrNo=,1082,4.6
96,0Kcal 원에이엠 스파클링 6종 탄산수 탄산음료,https://www.11st.co.kr/products/3396405066?inpu=&trTypeCd=&trCtgrNo=,1079,4.8
97,네추럴웨이 뼈엔 엠비피 MBP 130mg 30캡슐 1개,https://www.11st.co.kr/products/3455663039?inpu=&trTypeCd=&trCtgrNo=,197,4.7
98,[11번가x연세우유] 올스탠다드 고소한두유 200ML*24팩,https://www.11st.co.kr/products/4280746140?inpu=&trTypeCd=&trCtgrNo=,1018,4.6
99,새부리형 KF94 100매 대형 전컬러 동일가 여름용 메디케이알 컬러마스크,https://www.11st.co.kr/products/3756480515?inpu=&trTypeCd=&trCtgrNo=,11019,4.5
100,올반 크런치 찰핫도그 30봉/곰표핫도그,https://www.11st.co.kr/products/2606794762?inpu=&trTypeCd=&trCtgrNo=,10220,4.7
101,[20%+T11%+묶음10%] 닥터지 추석 브랜드위크! 피부건강 선물기획 外 BEST (천만크림/슈,https://www.11st.co.kr/products/1686589429?inpu=&trTypeCd=&trCtgrNo=,45566,4.7
102,[15%즉할+최대67%할인] 레노마&페리미츠 가을준비! 티셔츠/긴바지/점퍼/레깅스/원피스,https://www.11st.co.kr/products/3796313503?inpu=&trTypeCd=&trCtgrNo=,503,4.6
103,[15%+15%]SOVO 간절기Best 여성구두 슬리퍼 뮬 슬링백 단화 로퍼 플랫 샌들 펌프스 정,https://www.11st.co.kr/products/1835339176?inpu=&trTypeCd=&trCtgrNo=,8742,4.4
104,"[T혜택가10,610원~]무디타 시그니처 주방 칼 3종 선물세트 올스텐 가위 채칼 베스트 주",https://www.11st.co.kr/products/4201317542?inpu=&trTypeCd=&trCtgrNo=,443,4.6
105,KF94 올국산 오나미 비움 디럭스 컬러마스크 50매 새부리형 대형 화이트 베이지 그레이,https://www.11st.co.kr/products/3889602375?inpu=&trTypeCd=&trCtgrNo=,3568,4.6
106,[쿠폰가10900]엘라스틴 실크리페어 샴푸 ×2개+린스1개/퍼퓸 샴푸,https://www.11st.co.kr/products/3773124095?inpu=&trTypeCd=&trCtgrNo=,13303,4.7
107,[올리비에스클로젯] 30%쿠폰 FW 신상 특가! 자켓/가디건/니트/블라우스外,https://www.11st.co.kr/products/1933588745?inpu=&trTypeCd=&trCtgrNo=,19398,4.1
108,"[100매 7,920원] 에어프라이 종이호일 소형 외 인기상품 모음!",https://www.11st.co.kr/products/4755220718?inpu=&trTypeCd=&trCtgrNo=,12,4.8
109,[최종82만]삼성전자 갤럭시북2 NT750XEW-A51A 인텔12세대 백라이트 가벼운 대학생추천,https://www.11st.co.kr/products/4493739900?inpu=&trTypeCd=&trCtgrNo=,71,4.9
110,[천원추가down]정직한 애견패드 대형 소형 20g X 400매 배변 강아지패드,https://www.11st.co.kr/products/1655892174?inpu=&trTypeCd=&trCtgrNo=,21180,4.7
111,CJ 스팸 11호/8호/6호/12호/3호/O호/1호 선물세트(쇼핑백포함),https://www.11st.co.kr/products/4063355889?inpu=&trTypeCd=&trCtgrNo=,2901,4.8
112,[ALL STANDARD] ECO 무라벨 생수 2L / 1L / 500ML 모음전,https://www.11st.co.kr/products/3342263875?inpu=&trTypeCd=&trCtgrNo=,28641,4.8
113,[찜20%+T11%]명절 선물의 정석! 미샤 추석 기획세트 외 스킨케어 최대 50%,https://www.11st.co.kr/products/2705496266?inpu=&trTypeCd=&trCtgrNo=,30742,4.7
114,[본사직영] 제주 삼다수 2L 12병,https://www.11st.co.kr/products/3917419596?inpu=&trTypeCd=&trCtgrNo=,2222,4.8
115,"[8/22 단하루만! 149,000원!] 엡손 에코탱크 L3256 무한잉크 복합기 컬러 인쇄, 복사,",https://www.11st.co.kr/products/3936087212?inpu=&trTypeCd=&trCtgrNo=,4,5
116,[기프티콘] 커피빈 카드 상품권(1만원),https://www.11st.co.kr/products/2896957376?inpu=&trTypeCd=&trCtgrNo=,10599,4.9
117,22 추석 여아 남아 유아 아기 어린이 돌 아동 한복,https://www.11st.co.kr/products/818634429?inpu=&trTypeCd=&trCtgrNo=,5703,4.6
118,[코코도르] 코코도르 리필액200ml 3개+스틱/ 보타닉선물세트 추천,https://www.11st.co.kr/products/4742527468?inpu=&trTypeCd=&trCtgrNo=,10,4.6
119,[기프티콘] 키움증권 포켓금융상품권 500000원권,https://www.11st.co.kr/products/4281266831?inpu=&trTypeCd=&trCtgrNo=,445,4.9
120,[입점행사] 전라도 매운 실비파김치 1kg,https://www.11st.co.kr/products/4134480159?inpu=&trTypeCd=&trCtgrNo=,139,4.4
121,[신세계푸드] 미국산 고당도 허니듀 멜론 2과 4kg내외,https://www.11st.co.kr/products/3044888253?inpu=&trTypeCd=&trCtgrNo=,1037,4.4
122,[아이두젠] 피크닉 체어/매트/가방/카트 용품 모음전,https://www.11st.co.kr/products/1214825003?inpu=&trTypeCd=&trCtgrNo=,530,4.6
123,[스마트에코]비바체플러스 대용량 120매 20팩 캡형 아기물티슈,https://www.11st.co.kr/products/2060118322?inpu=&trTypeCd=&trCtgrNo=,4941,4.6
124,오쏘몰 이뮨 드링크+정제 30일분 2개,https://www.11st.co.kr/products/4383849923?inpu=&trTypeCd=&trCtgrNo=,345,4.9
125,NEW 네오에디션 밀폐용기/이유식 용기/렌지쿡/텀블러 모음,https://www.11st.co.kr/products/2123990378?inpu=&trTypeCd=&trCtgrNo=,17168,4.6
126,아우라 섬유향수 400ML 3개 프리미엄 섬유탈취제 48시간 지속 명품향수향,https://www.11st.co.kr/products/4036730803?inpu=&trTypeCd=&trCtgrNo=,2927,4.6
127,(알파)삼성전자 DDR4 8G PC4-25600 (정품),https://www.11st.co.kr/products/4639746847?inpu=&trTypeCd=&trCtgrNo=,78,5
128,[공구우먼]15%+7%추가할인!단독~22%최저가할인!가을신상 오픈!100종,https://www.11st.co.kr/products/145182616?inpu=&trTypeCd=&trCtgrNo=,30795,4.4
129,새부리형 KF94 100매 소형 전컬러 동일가 여름용 메디케이알 컬러마스크,https://www.11st.co.kr/products/4305232382?inpu=&trTypeCd=&trCtgrNo=,1510,4.5
130,[키스미] 8/22 딱 하루만! 여름바캉스 아이메이크업 NO.1 키스미 UP TO 70%,https://www.11st.co.kr/products/3455571095?inpu=&trTypeCd=&trCtgrNo=,4769,4.7
131,[15%중복쿠폰+T11%]동서 맥심 카누미니 마일드/다크 240T+패들포인트 [커트러리/원터치,https://www.11st.co.kr/products/1701563622?inpu=&trTypeCd=&trCtgrNo=,12336,4.7
132,[농할20%] 22년 햇 나주배(원황배) 가정용 5kg 나주농가 산지발송,https://www.11st.co.kr/products/2265967376?inpu=&trTypeCd=&trCtgrNo=,3026,4.4
133,[동원] 동원샘물 무라벨 500ml x 20병 / 40병,https://www.11st.co.kr/products/1704808418?inpu=&trTypeCd=&trCtgrNo=,3606,4.7
134,CJ제일제당 스팸8호 선물세트,https://www.11st.co.kr/products/2515671749?inpu=&trTypeCd=&trCtgrNo=,12,4.8
135,[30%] 네파 역대급 혜택전 Vol.2 + BEST 반팔/역시즌/ 팬츠 外,https://www.11st.co.kr/products/4618327617?inpu=&trTypeCd=&trCtgrNo=,910,4.6
136,[바로생수] 스파클 생수 500ml 60개,https://www.11st.co.kr/products/2219467122?inpu=&trTypeCd=&trCtgrNo=,17582,4.8
137,[15%+15%]SOVO 간절기Best 여성구두 슬리퍼 뮬 슬링백 단화 로퍼 플랫 샌들 펌프스 정,https://www.11st.co.kr/products/1835339176?inpu=&trTypeCd=&trCtgrNo=,8742,4.4
138,아모스 녹차실감 샴푸액 지성타입 500ml 1개_B,https://www.11st.co.kr/products/1894225861?inpu=&trTypeCd=&trCtgrNo=,440,4.7
139,[기프티콘] 키움증권 포켓금융상품권 500000원권,https://www.11st.co.kr/products/4281266831?inpu=&trTypeCd=&trCtgrNo=,445,4.9
140,백제광천김 재래 도시락김 27봉 선물세트[5+1],https://www.11st.co.kr/products/2994373566?inpu=&trTypeCd=&trCtgrNo=,107,4.6
141,"[농할가16,400원] 영동농협 아리향 복숭아 3kg #10-12과 #GAP인증",https://www.11st.co.kr/products/3670023344?inpu=&trTypeCd=&trCtgrNo=,3628,4.5
142,비비랩 고현정 더블유 질유래 특허 유산균 여성 프로바이오틱스 80캡슐 대용량 영양제,https://www.11st.co.kr/products/2652887719?inpu=&trTypeCd=&trCtgrNo=,200,4.6
143,[쿠폰가 17300원] 22년 신안 생 왕새우 1kg (35-39미)/활새우/산지발송,https://www.11st.co.kr/products/3024216111?inpu=&trTypeCd=&trCtgrNo=,2435,4.6
144,블랙빈스/당일로스팅/원두커피/500gx2/총1kg/무/료/배/송 사 음 품 증 정,https://www.11st.co.kr/products/1305237127?inpu=&trTypeCd=&trCtgrNo=,45749,4.7
145,[8/22 단하루!최종82만]ASUS 비보북 프로 15 OLED K3500PC-L1154|i5+RTX3050,https://www.11st.co.kr/products/3993117938?inpu=&trTypeCd=&trCtgrNo=,52,4.8
146,[6000원쿠폰+T11%][미니언즈기획]동서 화이트/모카골드400T+미니언즈 선풍기/피크닉백,https://www.11st.co.kr/products/1413018692?inpu=&trTypeCd=&trCtgrNo=,53055,4.7
147,SPC삼립 포켓몬 멸균우유 190ml 24입 택 (바나나/딸기/초코),https://www.11st.co.kr/products/4798653164?inpu=&trTypeCd=&trCtgrNo=,,
148,"CLA 슬림핏 KF94 데일리 새부리형 컬러마스크 (25매, 50매 / 대형 중형 소형)",https://www.11st.co.kr/products/3442902370?inpu=&trTypeCd=&trCtgrNo=,8020,4.6
149,[행필품]아이러브베베 52G 엠보싱 아기물티슈 블루 80매X20팩,https://www.11st.co.kr/products/1389155804?inpu=&trTypeCd=&trCtgrNo=,82576,4.7
150,아르떼 새부리형 여름용 KF94 국산 마스크 100매 50매 대형 소형 컬러 화이트 블랙 식,https://www.11st.co.kr/products/3306335454?inpu=&trTypeCd=&trCtgrNo=,23510,4.6
151,[삼다수][무료배송] 제주 삼다수 2L 12병 (유라벨 / 무라벨 랜덤발송),https://www.11st.co.kr/products/3057672731?inpu=&trTypeCd=&trCtgrNo=,12057,4.8
152,[찜20%+T11%]닥터자르트 시카페어 마스크팩 외 특가전,https://www.11st.co.kr/products/1465932999?inpu=&trTypeCd=&trCtgrNo=,68389,4.7
153,[더신선] 태안 활 왕새우 1kg 34-38미 / 드디어 첫 출하! 차원이 다른 신선함!,https://www.11st.co.kr/products/2961482254?inpu=&trTypeCd=&trCtgrNo=,27961,4.6
154,더블에이 A4용지 80g 2박스(5000매) Double A,https://www.11st.co.kr/products/3602588837?inpu=&trTypeCd=&trCtgrNo=,264,4.8
155,[21년산] 전북 신동진쌀 20kg #상등급 #당일도정,https://www.11st.co.kr/products/2611698791?inpu=&trTypeCd=&trCtgrNo=,30241,4.7
156,"[농할가14,000원][우체국쇼핑]제주 깨비 하우스감귤 2.5kg 4.5kg",https://www.11st.co.kr/products/2914399335?inpu=&trTypeCd=&trCtgrNo=,14214,4.5
157,"[농할가28,720원] 경산자인농협 샤인머스켓 1.5kg 2kg #2-4송이 #농협선별",https://www.11st.co.kr/products/3689953672?inpu=&trTypeCd=&trCtgrNo=,5571,4.4
158,[오설록] 본사직영 프리미엄 티 컬렉션(8종x5입)/쇼핑백동봉,https://www.11st.co.kr/products/2112563416?inpu=&trTypeCd=&trCtgrNo=,3957,4.8
159,[행필품]미엘 클래식 캡형 100매 20팩 물티슈 평량 50g 도톰 대용량 우체국택배,https://www.11st.co.kr/products/2114215558?inpu=&trTypeCd=&trCtgrNo=,14313,4.8
160,"[농할가28,720원] 경산자인농협 샤인머스켓 1.5kg 2kg #2-4송이 #농협선별",https://www.11st.co.kr/products/3689953672?inpu=&trTypeCd=&trCtgrNo=,5571,4.4
161,[오설록] 본사직영 프리미엄 티 컬렉션(8종x5입)/쇼핑백동봉,https://www.11st.co.kr/products/2112563416?inpu=&trTypeCd=&trCtgrNo=,3957,4.8
162,[행필품]미엘 클래식 캡형 100매 20팩 물티슈 평량 50g 도톰 대용량 우체국택배,https://www.11st.co.kr/products/2114215558?inpu=&trTypeCd=&trCtgrNo=,14313,4.8
163,[30%쿠폰+T맴버쉽]폴햄 썸머 티셔츠/ FW신상 단독 추천 특가딜 UP TO 84%,https://www.11st.co.kr/products/1883525698?inpu=&trTypeCd=&trCtgrNo=,9895,4.5
164,[오늘예판마감][사전판매+7%카드+4종혜택] 삼성 갤럭시워치5 / 워치5프로 블루투스,https://www.11st.co.kr/products/4763874463?inpu=&trTypeCd=&trCtgrNo=,2,5
165,[본사직영][20%+13%] 락앤락 바로한끼 밥용기/이유식/메트로머그/텀블러/반찬통/밀폐용,https://www.11st.co.kr/products/2725191962?inpu=&trTypeCd=&trCtgrNo=,18946,4.6
166,[아모레퍼시픽] 미쟝센 퍼펙트 오리지널 세럼 컨디셔너 7X 530ml,https://www.11st.co.kr/products/4534477248?inpu=&trTypeCd=&trCtgrNo=,1,5
167,"[단 하루 29,800원]제스파 아이피스 아이테라 눈 안마기 마사지기 온열 찜질 생신선물",https://www.11st.co.kr/products/3294399558?inpu=&trTypeCd=&trCtgrNo=,783,4.5
168,[오뚜기] 오뚜기밥 210g x 24개 외 발아흑미/오곡/찰현미/고시히카리/식감만족 즉석밥,https://www.11st.co.kr/products/2151109743?inpu=&trTypeCd=&trCtgrNo=,23495,4.7
169,"[최종 26,950]잘풀리는집 3겹 명작순수 30M 30롤 2팩 /휴지/화장지/친타올",https://www.11st.co.kr/products/2290908318?inpu=&trTypeCd=&trCtgrNo=,20877,4.7
170,[라네즈] 초밀착 메이크업 한번에 해결! 네오쿠션 & 워터뱅크,https://www.11st.co.kr/products/2886381449?inpu=&trTypeCd=&trCtgrNo=,11087,4.7
171,[풀무원] 얇은피만두/한식교자/식물성 교자 최대10봉 골라담기,https://www.11st.co.kr/products/2883022911?inpu=&trTypeCd=&trCtgrNo=,37597,4.8
172,가을 제철 꽃게 신진도 햇꽃게 2Kg/3Kg,https://www.11st.co.kr/products/4775060080?inpu=&trTypeCd=&trCtgrNo=,7,5
173,셀렉스 코어프로틴 125ml 24팩 외 드링크330ml/웨이프로틴/콜라겐 음료 모음전,https://www.11st.co.kr/products/3896065064?inpu=&trTypeCd=&trCtgrNo=,4898,4.7
174,[1만원권] 롯데리아 금액권 11% 할인,https://www.11st.co.kr/products/4778447157?inpu=&trTypeCd=&trCtgrNo=,65,5
175,[본사직영] 정관장 홍삼진고 데일리스틱 10g 20포 1개 (20포),https://www.11st.co.kr/products/4763780354?inpu=&trTypeCd=&trCtgrNo=,,
176,"[30%쿠폰＋T11%]비너스 외 신상 잠옷, 브라팬티 세트",https://www.11st.co.kr/products/2046037563?inpu=&trTypeCd=&trCtgrNo=,52163,4.5
177,[30%쿠폰+T11%]박서준의 지오지아 굿바이 썸머/간절기 신상까지~84%,https://www.11st.co.kr/products/1784580571?inpu=&trTypeCd=&trCtgrNo=,12961,4.6
178,[이쌀이다] 2021년 수향미 10kg,https://www.11st.co.kr/products/3255182676?inpu=&trTypeCd=&trCtgrNo=,590,4.7
179,고려은단 골드플러스 240정 X 1개 (8개월분),https://www.11st.co.kr/products/3368147541?inpu=&trTypeCd=&trCtgrNo=,1161,4.8
180,한국투자증권 온라인 금융상품권 5만원권,https://www.11st.co.kr/products/4534436600?inpu=&trTypeCd=&trCtgrNo=,648,4.9
181,아모스 컬링 에센스 2X 150ml_T,https://www.11st.co.kr/products/3486352117?inpu=&trTypeCd=&trCtgrNo=,296,4.8
182,[LG전자][LG][공식판매점]LG 휘센 제습기 DQ202PGUA(20L/신발건조키트포함)(대전신세계,https://www.11st.co.kr/products/4492978249?inpu=&trTypeCd=&trCtgrNo=,13,4.9
183,청정원 2022년 추석 선물세트 행복2호/행복3호 외 1개 2개 박스,https://www.11st.co.kr/products/2685305784?inpu=&trTypeCd=&trCtgrNo=,2125,4.6
184,동원 특13호 (혼합7호) 선물세트/명절선물세트참치,https://www.11st.co.kr/products/1429087310?inpu=&trTypeCd=&trCtgrNo=,111,4.8
185,레이저 데스에더 V3 프로 무선 게이밍 마우스 / Razer DeathAdder V3 Pro,https://www.11st.co.kr/products/4802383458?inpu=&trTypeCd=&trCtgrNo=,,
186,[품질보장] 간장 깐새우장300g + 양념 깐새우장300g / 간장 순살게장 / 양념 순살게장,https://www.11st.co.kr/products/2558604407?inpu=&trTypeCd=&trCtgrNo=,359,4.6
187,[중복20%+묶음10%] 수분자신감 토리든 / 신상 클렌징 런칭 라이브 혜택!,https://www.11st.co.kr/products/3251036472?inpu=&trTypeCd=&trCtgrNo=,477,4.8
188,뉴트리원 루테인 지아잔틴 164 500mg x 30캡슐_TU,https://www.11st.co.kr/products/4700394974?inpu=&trTypeCd=&trCtgrNo=,3,4.3
189,SD바이오센서 스탠다드큐 코로나 19 자가 진단키트 2개,https://www.11st.co.kr/products/4494459003?inpu=&trTypeCd=&trCtgrNo=,256,4.7
190,예초기 기화기 카브레타 교체용 연료펌프 GX25 GX35 호환용,https://www.11st.co.kr/products/3850593578?inpu=&trTypeCd=&trCtgrNo=,2,4.5
191,[내일도착] 맛있는家 하루 한줌견과 순수가온100봉 순수견과 6종,https://www.11st.co.kr/products/4070700604?inpu=&trTypeCd=&trCtgrNo=,786,4.8
192,[빅/세/일78만] ASUS TUF FX506HEB-HN148 / i5-11400H/8GB/NVMe 512GB/RTX 3050Ti 게이,https://www.11st.co.kr/products/4181318405?inpu=&trTypeCd=&trCtgrNo=,7,4.9
193,[혜.택.가82만원] LG전자 울트라PC 15UD50Q-GX50K,https://www.11st.co.kr/products/4544216295?inpu=&trTypeCd=&trCtgrNo=,19,5
194,[대체불가만두] 비비고 왕교자 및 라이트 왕교자 2종외 인기만두 최대 9봉,https://www.11st.co.kr/products/1402054566?inpu=&trTypeCd=&trCtgrNo=,112750,4.7
195,[요즘에]23%+20%+3천원! 가을신상#팬츠NO.1#당일발송체크#데일리룩#휴가룩#반바지#티셔,https://www.11st.co.kr/products/60937795?inpu=&trTypeCd=&trCtgrNo=,187211,4.2
196,[10%즉할+10%중복]로얄캐닌 고양이사료 베스트 모음전 4kg 10kg 인도어 키튼 에이징 유,https://www.11st.co.kr/products/3445064631?inpu=&trTypeCd=&trCtgrNo=,3995,4.8
197,베베앙 오리지널 아기물티슈 캡형 100매 20팩,https://www.11st.co.kr/products/4201600509?inpu=&trTypeCd=&trCtgrNo=,175,4.8
198,갤럭시 S22/S21/S20 울트라 노트20 노트10/9/8/5/S10/S9/S8+/S7/엣지/A8/A7/A5/A3/A23,https://www.11st.co.kr/products/1551930588?inpu=&trTypeCd=&trCtgrNo=,5173,4.4
199,[일리공식대리점] 일리/카페 보니니/사켈라 네스프레소 호환 캡슐 10개입 모음전,https://www.11st.co.kr/products/2602601491?inpu=&trTypeCd=&trCtgrNo=,90,4.8
200,2매+1강화유리필름 갤럭시S22 S21 갤럭시Z플립4 갤럭시Z폴드4 갤럭시노트20 플러스울트,https://www.11st.co.kr/products/1179780064?inpu=&trTypeCd=&trCtgrNo=,91577,4.4
201,케라시스 퍼퓸 샴푸/린스 980ml x3개 외~,https://www.11st.co.kr/products/1488111783?inpu=&trTypeCd=&trCtgrNo=,15411,4.6
202,리빙 크리미 무포름 화장지 3겹 30롤x3 (총 90롤)/2중고온스팀,https://www.11st.co.kr/products/1151035390?inpu=&trTypeCd=&trCtgrNo=,12380,4.4
203,[본사직영] 광동 비타500 100ml x 40병,https://www.11st.co.kr/products/3922390789?inpu=&trTypeCd=&trCtgrNo=,59,4.8
204,카스 전자저울 SW-1S 2kg/5kg/10kg/20kg/30kg 저울,https://www.11st.co.kr/products/9871811?inpu=&trTypeCd=&trCtgrNo=,1030,4.7
205,[1+1+사은품+스벅 기프티콘 증정] 도블레 칼집나지 않는 항균 도마 세트/TPU 항균 도마,https://www.11st.co.kr/products/2905097337?inpu=&trTypeCd=&trCtgrNo=,5301,4.7
206,"[1,377,410원:한정수량] LG 울트라기어 38GL950G (38인치/나노IPS/1ms/175Hz/HDR/G-Sy",https://www.11st.co.kr/products/2685114791?inpu=&trTypeCd=&trCtgrNo=,110,4.9
207,순차.발송(8월행사 34만)ASUS Prime 사무용 데스크탑 대원 조립PC(4600G/P2 500G/16GB,https://www.11st.co.kr/products/4774122319?inpu=&trTypeCd=&trCtgrNo=,,
208,올스탠다드 KF-AD 비말마스크/KF94 새부리형 컬러마스크 100개/대형/3D/2D/아이용/소형,https://www.11st.co.kr/products/3901983972?inpu=&trTypeCd=&trCtgrNo=,7876,4.6
209,코카콜라[본사직영] 식후비법W 라벨프리 500PETx24,https://www.11st.co.kr/products/4246439674?inpu=&trTypeCd=&trCtgrNo=,595,4.8
210,매일두유 190ml 24팩(99.9/오리지널/검은콩/초콜릿/고단백)외 우유3종(초코/딸기),https://www.11st.co.kr/products/3839290460?inpu=&trTypeCd=&trCtgrNo=,11655,4.8
211,[10%중복쿠폰] 남양 아인슈타인 베이비 플러스 맛있는우유 GT 슈퍼밀크 락토프리 저지,https://www.11st.co.kr/products/2464267920?inpu=&trTypeCd=&trCtgrNo=,23030,4.7
212,[즉시10%+T11%+묶음~25%]에뛰드 워터프루프 기획대전!(아이라이너/마스카라/헤어트리트,https://www.11st.co.kr/products/2838911413?inpu=&trTypeCd=&trCtgrNo=,13809,4.7
213,꾸띄르헤어 프로페셔널 럭셔리 컬러 체인지 블랙샴푸 180ml_MB,https://www.11st.co.kr/products/4625833930?inpu=&trTypeCd=&trCtgrNo=,36,4.4
214,1kg 원두커피10+1(베트남제외)당일로스팅 신선한 갓볶은 원두콩 홀빈 분쇄 드립 더치,https://www.11st.co.kr/products/269048779?inpu=&trTypeCd=&trCtgrNo=,33640,4.7
215,(6팩 10630) 핑크랩 레디백 생리대 입는 오버나이트 모음+사 은품,https://www.11st.co.kr/products/3127469529?inpu=&trTypeCd=&trCtgrNo=,131,4.7
216,농심 백산수 무라벨 2L 12병 생수,https://www.11st.co.kr/products/3473752502?inpu=&trTypeCd=&trCtgrNo=,13920,4.8
217,뉴케어 구수한맛 200ml 30팩 완전균형영양식 부모님선물 영양식 인기상품,https://www.11st.co.kr/products/1696844498?inpu=&trTypeCd=&trCtgrNo=,3487,4.8
218,[20%쿠폰]스파오 본사 패딩/스웨트티/조거외 단독특가~83%OFF,https://www.11st.co.kr/products/3747507821?inpu=&trTypeCd=&trCtgrNo=,2076,4.6
219,[헤라] 한가위 대잔치 선물세트 BEST! #아쿠아볼릭 #금액대이벤트,https://www.11st.co.kr/products/2218622565?inpu=&trTypeCd=&trCtgrNo=,11192,4.7
220,[박스포유] 직접생산/16시마감/택배박스,https://www.11st.co.kr/products/24674656?inpu=&trTypeCd=&trCtgrNo=,41621,4.9
221,"[쿠폰가 8,820원] 초이스굿 마른오징어 5미 150g 외 4종 / 반건조오징어",https://www.11st.co.kr/products/4246769326?inpu=&trTypeCd=&trCtgrNo=,1288,4.4
222,[30% 즉시할인!]온더바디 바디워시 모음,https://www.11st.co.kr/products/3775709943?inpu=&trTypeCd=&trCtgrNo=,7738,4.7
223,[베베쥬]15%+20%/창고이전여름신상전격할인/가을신상오픈/한복/티셔츠/상하복,https://www.11st.co.kr/products/1217141544?inpu=&trTypeCd=&trCtgrNo=,176659,4.4
224,CJ 스팸6호 선물세트/스팸선물세트,https://www.11st.co.kr/products/1429038373?inpu=&trTypeCd=&trCtgrNo=,191,4.7
225,당도 굿 고당도 머스크 메론 선물세트 8kg,https://www.11st.co.kr/products/2159846034?inpu=&trTypeCd=&trCtgrNo=,127,4.1
226,[카드할인] Apple Pencil(2세대) [MU8F2KH/A],https://www.11st.co.kr/products/4508075611?inpu=&trTypeCd=&trCtgrNo=,361,4.8
227,[카드할인] AirPods(3세대) [MME73KH/A],https://www.11st.co.kr/products/4498401240?inpu=&trTypeCd=&trCtgrNo=,426,4.9
228,[~77% 김혜수의 PICK!] 동국 닥터화인 활력증진 비타민B/비타민C+쇼핑백증정,https://www.11st.co.kr/products/4747661933?inpu=&trTypeCd=&trCtgrNo=,39,5
229,닥터린 오연수 세라티크 세라마이드 360mg x 30캡슐 -DL-,https://www.11st.co.kr/products/4694158171?inpu=&trTypeCd=&trCtgrNo=,9,4.8
230,[홈플러스]신선특란30입,https://www.11st.co.kr/products/4224960533?inpu=&trTypeCd=&trCtgrNo=,4162,4.7
231,레드불 에너지드링크 오리지날 /슈가프리 250ML x 24캔 / 355ML x 24캔,https://www.11st.co.kr/products/4668497107?inpu=&trTypeCd=&trCtgrNo=,111,4.8
232,카드15%할인+사은품! 2022년 2학기 초등 인기 학습서! EBS 초등 만점왕/뿌리깊은 초등,https://www.11st.co.kr/products/2132461384?inpu=&trTypeCd=&trCtgrNo=,14981,4.7
233,CJ 햇반 210g 24개입/36개입/오뚜기/발아현미밥/흑미밥,https://www.11st.co.kr/products/1895480906?inpu=&trTypeCd=&trCtgrNo=,8032,4.7
234,[25%+사은품] 어커버 사계절 인기 상품 모음! 후드/맨투맨/자켓/반팔티/팬츠/데님,https://www.11st.co.kr/products/2317389321?inpu=&trTypeCd=&trCtgrNo=,14074,4.5
235,[만족도최고]털보네사과 가정용 꿀사과 9kg 내외 11st,https://www.11st.co.kr/products/1418504992?inpu=&trTypeCd=&trCtgrNo=,22453,4.5
236,뉴케어 당플랜 200ml X 30팩,https://www.11st.co.kr/products/4239310108?inpu=&trTypeCd=&trCtgrNo=,59,4.7
237,[모노시크] 50%+즉할15%+추가15% 간절기 가을신상 데일리 티셔츠/민소매/블라우스/남방,https://www.11st.co.kr/products/3525715120?inpu=&trTypeCd=&trCtgrNo=,18842,4.1
238,고려은단 비타민C 1000 600정 X 1개 (20개월분),https://www.11st.co.kr/products/3635995184?inpu=&trTypeCd=&trCtgrNo=,4142,4.8
239,우먼스9999 [갤럭시& 애플 모음전]갤럭시 워치5 4 액티브2 애플워치 8 7 6 5 4 3 스트,https://www.11st.co.kr/products/4411811312?inpu=&trTypeCd=&trCtgrNo=,2485,4.7
240,[대용량 라이트 물티슈 캡형 100매x20팩]런칭 올스탠다드 실속 라이트 물티슈 100매×,https://www.11st.co.kr/products/3898124834?inpu=&trTypeCd=&trCtgrNo=,4651,4.6
241,KB증권 5만원 국내주식쿠폰,https://www.11st.co.kr/products/3625859402?inpu=&trTypeCd=&trCtgrNo=,8439,4.8
242,"[쿠폰가 17,600원!] 22년 신안 활 왕새우 1kg 흰다리새우 생새우 대하",https://www.11st.co.kr/products/1372393478?inpu=&trTypeCd=&trCtgrNo=,4026,4.5
243,[테일러팜스 공식]푸룬주스/딥워터/젤리밥/키즈푸룬 모음전,https://www.11st.co.kr/products/4181397704?inpu=&trTypeCd=&trCtgrNo=,525,4.7
244,헬로 프라임코튼 키친타올 200매 12롤 1팩,https://www.11st.co.kr/products/3005534219?inpu=&trTypeCd=&trCtgrNo=,1825,4.5
245,"[S22 보라퍼플 출시 829,920원 17%즉시할인]갤럭시 S22/S22플러스/S22울트라 256G SM-",https://www.11st.co.kr/products/4181761531?inpu=&trTypeCd=&trCtgrNo=,525,4.8
246,르반테 유기농 대마종자유 냉압착 250ml 햄프씨드오일 직수입 2병,https://www.11st.co.kr/products/4795463603?inpu=&trTypeCd=&trCtgrNo=,5,5
247,"CJ 햇반, 210G, 36입",https://www.11st.co.kr/products/4506011759?inpu=&trTypeCd=&trCtgrNo=,260,4.8
248,"풀무원 소시지, 황금밥알 볶음밥 등 골라담기+[증]짜장소스",https://www.11st.co.kr/products/2546228359?inpu=&trTypeCd=&trCtgrNo=,4614,4.7
249,[1만원권] 매머드커피 금액권 13% 할인,https://www.11st.co.kr/products/4778582199?inpu=&trTypeCd=&trCtgrNo=,12,4.7
250,노브랜드 굿모닝 굿밀크 1L,https://www.11st.co.kr/products/4006400956?inpu=&trTypeCd=&trCtgrNo=,3094,4.8
251,샘표 순작 통알곡 결명자차 1kg,https://www.11st.co.kr/products/1993611416?inpu=&trTypeCd=&trCtgrNo=,142,4.6
252,삼성전자 DDR4 8G PC4-25600 (정품)-MK,https://www.11st.co.kr/products/4724191632?inpu=&trTypeCd=&trCtgrNo=,20,4.9
253,[할리스] 5만원권,https://www.11st.co.kr/products/4781121535?inpu=&trTypeCd=&trCtgrNo=,2,5
254,정관장 홍삼원 70ml X 60포 / 쇼핑백 포함,https://www.11st.co.kr/products/3066272245?inpu=&trTypeCd=&trCtgrNo=,125,4.7
255,종근당건강 어린이홍삼 20ml 30포,https://www.11st.co.kr/products/1258639956?inpu=&trTypeCd=&trCtgrNo=,13,4.8
256,[아모레퍼시픽] 추석 선물세트 최대혜택(아이오페/한율/라네즈/에스트라/마몽드),https://www.11st.co.kr/products/1678632786?inpu=&trTypeCd=&trCtgrNo=,27475,4.8
257,"[쿠폰가16,930원]영광 법성포 굴비 40마리 2.2kg내외 / 가정용 / 수산물이력제",https://www.11st.co.kr/products/1831472422?inpu=&trTypeCd=&trCtgrNo=,2611,4.2
258,베베숲 시그니처 그린 캡형 70매X10팩,https://www.11st.co.kr/products/4169169637?inpu=&trTypeCd=&trCtgrNo=,96,4.8
259,엑소(EXXO) A4 복사용지(A4용지) 75g 2BOX(5000매),https://www.11st.co.kr/products/3141170415?inpu=&trTypeCd=&trCtgrNo=,1837,4.7
260,"[농할가22,400원] 강화섬쌀(백진주쌀) 10kg #단일품종 #갓도정 #교동섬쌀",https://www.11st.co.kr/products/4712061392?inpu=&trTypeCd=&trCtgrNo=,10,4.7
261,맥심 모카골드 400T,https://www.11st.co.kr/products/4747739393?inpu=&trTypeCd=&trCtgrNo=,4,5
262,[PG][PG정품]다우니 고농축 섬유유연제 아로마플로럴 8.5x2개(아로마or로맨스,https://www.11st.co.kr/products/2338422001?inpu=&trTypeCd=&trCtgrNo=,347,4.6
263,CJ 스팸1호 선물세트/햄 추석선물세트,https://www.11st.co.kr/products/1438058959?inpu=&trTypeCd=&trCtgrNo=,56,4.6
264,[포장전용]피자헛 돈마호크 에그타르트 L 세트,https://www.11st.co.kr/products/4782772308?inpu=&trTypeCd=&trCtgrNo=,13,4.8
265,Original 땡큐 3겹 30롤 x 2팩,https://www.11st.co.kr/products/2918620428?inpu=&trTypeCd=&trCtgrNo=,1336,4.4
266,[최종56만]삼성전자 노트북 플러스2 NT550XDZ-AD5A,https://www.11st.co.kr/products/3736214053?inpu=&trTypeCd=&trCtgrNo=,1029,4.8
267,[20%+T11%] 네이처리퍼블릭 애프터 썸머케어 ~70%(선스틱/수딩젤/시카/블랙빈),https://www.11st.co.kr/products/70421035?inpu=&trTypeCd=&trCtgrNo=,15421,4.6
268,업계를 리드하는 기업 3sk택배박스!,https://www.11st.co.kr/products/19183325?inpu=&trTypeCd=&trCtgrNo=,55644,4.9
269,[설화수] 진정한 선물은 역시 설화수! 한가위 선물세트 BEST!#자음2종 #윤조에센스,https://www.11st.co.kr/products/3674790428?inpu=&trTypeCd=&trCtgrNo=,5674,4.8
270,[10%쿠폰+T11%] 원더브라 최신상 브라팬티 1종 라인업,https://www.11st.co.kr/products/1745131667?inpu=&trTypeCd=&trCtgrNo=,60254,4.6
271,바이오더마(센시비오 H2O 500ml+센시비오 H2O 500ml),https://www.11st.co.kr/products/1948980918?inpu=&trTypeCd=&trCtgrNo=,15,4.8
272,[오하루x황성주] 100 국내산 서리태 맷돌 두유 80팩,https://www.11st.co.kr/products/2418188722?inpu=&trTypeCd=&trCtgrNo=,291,4.8
273,삼성 정품 갤럭시Z플립4 Z폴드4 케이스 모음전,https://www.11st.co.kr/products/3284322377?inpu=&trTypeCd=&trCtgrNo=,378,4.7
274,[황금약단밤] 칼집밤 골드 1kg (3개.무.배),https://www.11st.co.kr/products/2331496312?inpu=&trTypeCd=&trCtgrNo=,28488,4.6
275,종근당건강 락토핏 생유산균 코어 2g x 60포 6통,https://www.11st.co.kr/products/3272053560?inpu=&trTypeCd=&trCtgrNo=,445,4.8
276,[찬우물] 포기김치3kg 1개,https://www.11st.co.kr/products/1582032255?inpu=&trTypeCd=&trCtgrNo=,601,4.5
277,썬업 / 썬업 과일야채샐러드 200ml / 썬업VITA-C 125ml,https://www.11st.co.kr/products/3847142629?inpu=&trTypeCd=&trCtgrNo=,10871,4.8
278,너트한줌 50입 외 #하루견과 #한줌견과 #요거트 #프리미엄 #브라질넛 #치즈,https://www.11st.co.kr/products/4454912128?inpu=&trTypeCd=&trCtgrNo=,1595,4.7
279,monos/모노스코리아/스틸 핀게이지 낱개/0.38mm/MPG0038,https://www.11st.co.kr/products/3350830741?inpu=&trTypeCd=&trCtgrNo=,,
280,[선물세트]바른제품연구소 유기농 새싹보리분말 2병 + 흰색고급쇼핑백,https://www.11st.co.kr/products/4751329098?inpu=&trTypeCd=&trCtgrNo=,5,5
281,[본사직송] 종가집 행복이온 플러스 포기김치 10kg,https://www.11st.co.kr/products/967445269?inpu=&trTypeCd=&trCtgrNo=,283,4.5
282,[20%+10%+T11%] 머지 NEW&HOT 썸머 메이크업 단독가+증정! 마스카라/라이너/틴트/섀도,https://www.11st.co.kr/products/2982751420?inpu=&trTypeCd=&trCtgrNo=,763,4.6
283,[헤라] 앵콜! 메이크업 클리어런스 최대 60% 외 BEST 상품전! 한정수량!,https://www.11st.co.kr/products/1695104379?inpu=&trTypeCd=&trCtgrNo=,8349,4.7
284,[코웨이]오늘만 5만P추가(최대40만P)+ 렌탈료3개월 면제,https://www.11st.co.kr/products/3342580120?inpu=&trTypeCd=&trCtgrNo=,2838,4.6
285,"[EVENT] 스타벅스 캡슐커피 by 네스프레소, 돌체구스토",https://www.11st.co.kr/products/2473230920?inpu=&trTypeCd=&trCtgrNo=,30814,4.8
286,로지오가닉 아기 배도라지 목소리도맑음 방구소리방긋 안경도둑똘망 젤리,https://www.11st.co.kr/products/3177656653?inpu=&trTypeCd=&trCtgrNo=,567,4.7
287,100% 무형광 미쁘 2 겹 핸드타올 페이퍼타올 5000매 1박스,https://www.11st.co.kr/products/1671566216?inpu=&trTypeCd=&trCtgrNo=,2805,4.7
288,에버콜라겐 인앤업 플러스 750mg x 56정,https://www.11st.co.kr/products/4291092028?inpu=&trTypeCd=&trCtgrNo=,43,4.7
289,파머스픽 당도선별 하우스감귤 1.4kg/팩,https://www.11st.co.kr/products/2825987366?inpu=&trTypeCd=&trCtgrNo=,434,4.6
290,[CJ제일제당] 쁘띠첼 미초 900ml 선택구매 청포도/복숭아/석류/깔라만시,https://www.11st.co.kr/products/2601192461?inpu=&trTypeCd=&trCtgrNo=,66,4.6
291,뉴트리원 정우성 루테인 지아잔틴 164 알티지 RTG 오메가3 AX 3박스 아스타잔틴 눈 영,https://www.11st.co.kr/products/2246211295?inpu=&trTypeCd=&trCtgrNo=,1481,4.6
292,바이칸 테이블솔 미디움 4589 FDA인증 정품,https://www.11st.co.kr/products/3473299834?inpu=&trTypeCd=&trCtgrNo=,136,4.7
293,백송식품 명품 A+ 청정 동해바다 마른오징어 20마리 중량별 택1,https://www.11st.co.kr/products/1203084803?inpu=&trTypeCd=&trCtgrNo=,2261,4.4
294,"[사은품 무선충전패드+케이스+해피머니][최종혜택가 251,100원] 갤럭시 버즈 2 프로 이",https://www.11st.co.kr/products/4747683451?inpu=&trTypeCd=&trCtgrNo=,35,5
295,한국투자증권 온라인 금융상품권 5만원권,https://www.11st.co.kr/products/4534436600?inpu=&trTypeCd=&trCtgrNo=,648,4.9
296,[즉시 20%] [1 + 1] 여름 실내 슬리퍼 말랑말랑 실내 쿠션 슬리퍼 거실화/욕실화/실내,https://www.11st.co.kr/products/3371384788?inpu=&trTypeCd=&trCtgrNo=,16439,4.6
297,[JW중외제약] 리얼메디 국대 초임계 알티지 rTG 오메가3 총3박스 비타민D 비타민E EPA,https://www.11st.co.kr/products/3766245662?inpu=&trTypeCd=&trCtgrNo=,1679,4.6
298,[일리공식대리점] 일리/카페 보니니/사켈라 네스프레소 호환 캡슐 10개입 모음전,https://www.11st.co.kr/products/2602601491?inpu=&trTypeCd=&trCtgrNo=,90,4.8
299,[허닭본사] 닭가슴살/스테이크/함박/큐브/소시지 모음전,https://www.11st.co.kr/products/1651121751?inpu=&trTypeCd=&trCtgrNo=,36391,4.6
300,샌디스크 마이크로 SD 카드 스마트폰 블랙박스 닌텐도 외장메모리 8 16 32 64 128 256,https://www.11st.co.kr/products/3748472?inpu=&trTypeCd=&trCtgrNo=,39729,4.8
301,(특가)락스 2Lx6개 지비락스 락스 살균 소독 세정제 곰팡이세정제 펑크린 욕실세정제,https://www.11st.co.kr/products/664526534?inpu=&trTypeCd=&trCtgrNo=,7528,4.5
302,LG프라엘 워시팝 클렌징 기기 BCP2A 코코넛 화이트 (OK),https://www.11st.co.kr/products/4445792054?inpu=&trTypeCd=&trCtgrNo=,,
303,[언더라인]30%!BYC 여성팬티/위생팬티/노라인팬티/보정팬티/W존 민망방지/엉뽕팬티/나,https://www.11st.co.kr/products/1923410125?inpu=&trTypeCd=&trCtgrNo=,29967,4.5
304,[28%즉할] 피터젠슨과 함께하는 여름 바캉스 준비! 레인부츠/필통/티셔츠 外,https://www.11st.co.kr/products/2351346223?inpu=&trTypeCd=&trCtgrNo=,1889,4.7
305,동서식품 카누미니 다크 아메리카노 0.9g x 150T,https://www.11st.co.kr/products/4522667498?inpu=&trTypeCd=&trCtgrNo=,17,4.6
306,"[T멤버24,900]라보에이치 탈모증상완화 샴푸 400ml+리필400ml+112ml/ 아모레 탈모샴푸",https://www.11st.co.kr/products/4675740745?inpu=&trTypeCd=&trCtgrNo=,213,4.7
307,[쿠폰20%+적립5%] 셀퓨전씨 추석선물세트/레이저썬/약산성패리어/트리악모공패드,https://www.11st.co.kr/products/2361832325?inpu=&trTypeCd=&trCtgrNo=,10749,4.7
308,"[20%+10%][최종혜택가 9,940원 무배]추석 음식보관 강추! 완벽 진공 밀폐 포레버락 밀",https://www.11st.co.kr/products/2657027646?inpu=&trTypeCd=&trCtgrNo=,1223,4.5
309,농심 백산수 무라벨 2L 12병 생수,https://www.11st.co.kr/products/3473752502?inpu=&trTypeCd=&trCtgrNo=,13920,4.8
310,뉴땡큐 3겹 30롤 x 2팩 /60롤 화장지,https://www.11st.co.kr/products/1915982395?inpu=&trTypeCd=&trCtgrNo=,5230,4.1
311,[트라이] 남성팬티/트렁크/드로즈/사각/순면/여성/런닝/나시/에어로쿨/쿨런닝/양말,https://www.11st.co.kr/products/885809752?inpu=&trTypeCd=&trCtgrNo=,54984,4.6
312,"[쿠폰가 13,600원~]맘마밀 이유식/요미요미 유기농주스 아기과자 주스 모음전",https://www.11st.co.kr/products/2531389722?inpu=&trTypeCd=&trCtgrNo=,5841,4.8
313,[8/1~8/31 피죤15%] 장마철 필수! 액츠 퍼펙트 실내건조 3.2Lx2개 액체세제 빨래세제,https://www.11st.co.kr/products/1469512969?inpu=&trTypeCd=&trCtgrNo=,10373,4.5
314,여성 사각 네모 팬티 드로즈 노라인 심리스 무봉제 누디 라인 개별포장 햄팬티 속옷 보,https://www.11st.co.kr/products/2483344877?inpu=&trTypeCd=&trCtgrNo=,3848,4.5
315,[카드할인] AirPods(2세대) [MV7N2KH/A],https://www.11st.co.kr/products/4498527859?inpu=&trTypeCd=&trCtgrNo=,78,4.9
316,베베숲 프리미어 70매 캡 10팩,https://www.11st.co.kr/products/1763884178?inpu=&trTypeCd=&trCtgrNo=,1104,4.7
317,금비 실버 대형 80매 성인용기저귀,https://www.11st.co.kr/products/2027613352?inpu=&trTypeCd=&trCtgrNo=,11,4.5
318,정관장 홍삼원 70ml X 60포 / 쇼핑백 포함,https://www.11st.co.kr/products/3066272245?inpu=&trTypeCd=&trCtgrNo=,125,4.7
319,USB 분실 방지 8자 고리줄 우체국택배 고리줄,https://www.11st.co.kr/products/3042118575?inpu=&trTypeCd=&trCtgrNo=,4,5
320,베베숲 프리미어 70매 캡 10팩,https://www.11st.co.kr/products/1763884178?inpu=&trTypeCd=&trCtgrNo=,1104,4.7
321,금비 실버 대형 80매 성인용기저귀,https://www.11st.co.kr/products/2027613352?inpu=&trTypeCd=&trCtgrNo=,11,4.5
322,"[쿠폰적용가 15,470원] 바리스타룰스 에스프레소 라떼 250ml 10개",https://www.11st.co.kr/products/4247342815?inpu=&trTypeCd=&trCtgrNo=,553,4.8
323,USB 분실 방지 8자 고리줄 우체국택배 고리줄,https://www.11st.co.kr/products/3042118575?inpu=&trTypeCd=&trCtgrNo=,4,5
324,"[노브랜드][냉동] 돼지 목심 바로구이 (1,000g)",https://www.11st.co.kr/products/3653976123?inpu=&trTypeCd=&trCtgrNo=,1988,4.7
325,넥센타이어 엔프리즈 AH5 195/65R15 타이어뱅크 무료장착 1956515,https://www.11st.co.kr/products/4302220042?inpu=&trTypeCd=&trCtgrNo=,,
326,정관장 홍삼정 240g 정품 새상품 쇼핑백포함 jj,https://www.11st.co.kr/products/2979301643?inpu=&trTypeCd=&trCtgrNo=,579,4.8
327,겔업 액체세탁세제 2.5Lx4개(총10000ml)드럼/일반,https://www.11st.co.kr/products/199341325?inpu=&trTypeCd=&trCtgrNo=,47967,4.8
328,풀무원 고단백 두부봉 6개 / 두부바 10개,https://www.11st.co.kr/products/3672304329?inpu=&trTypeCd=&trCtgrNo=,1456,4.5
329,에어데이즈 KF94 새부리형 마스크 50매 100매 소형 대형 특대형 2D 국내생산 KF-AD 컬,https://www.11st.co.kr/products/3311938321?inpu=&trTypeCd=&trCtgrNo=,14738,4.7
330,대용량 고양이사료 캣츠러브/NEW캣츠랑/캣츠미/프로베스트캣 키튼 어덜트 10~20kg,https://www.11st.co.kr/products/1328570047?inpu=&trTypeCd=&trCtgrNo=,4983,4.7
331,saving 핸드타올 2겹 5000매 무형광 무색소 A급 친환경,https://www.11st.co.kr/products/68301300?inpu=&trTypeCd=&trCtgrNo=,2470,4.7
332,[키플링][강남점] 키플링 인기 패션백 균일가 할인 모음전(강남점),https://www.11st.co.kr/products/4681295373?inpu=&trTypeCd=&trCtgrNo=,7,4.9
333,[2병]고약사 추천 쏜리서치 관절영양제 조인트서포트 뉴트리언트 쏜땡땡땡 240캡슐 AR,https://www.11st.co.kr/products/4809478759?inpu=&trTypeCd=&trCtgrNo=,,
334,[두보식품] 세종농협 친들미10kg,https://www.11st.co.kr/products/4096734896?inpu=&trTypeCd=&trCtgrNo=,47,4.7
335,[동원] 덴마크 테이크 얼라이브 120mlx48개/250mlx24개(자몽/망고/오렌지/청포도),https://www.11st.co.kr/products/1380874047?inpu=&trTypeCd=&trCtgrNo=,24870,4.7
336,NYC 메쉬캡 남녀공용 야구모자 볼캡,https://www.11st.co.kr/products/3037908589?inpu=&trTypeCd=&trCtgrNo=,31,4.6
337,국산LED방등/거실등/주방등/조명/욕실등,https://www.11st.co.kr/products/2322562395?inpu=&trTypeCd=&trCtgrNo=,4430,4.5
338,[용성농협선별!] 국내산 GAP인증 특등급 샤인머스켓 1kg 2kg (청포도 망고포도),https://www.11st.co.kr/products/3766901162?inpu=&trTypeCd=&trCtgrNo=,843,4.6
339,"[슈팅배송 단독기획선물] 머거본고급형/ 간식선물세트 407gx2세트 외 견과육포혼합, 칼",https://www.11st.co.kr/products/3773068701?inpu=&trTypeCd=&trCtgrNo=,381,4.8
340,셀렉스 코어프로틴 락토프리 304g 1캔 I,https://www.11st.co.kr/products/4460609604?inpu=&trTypeCd=&trCtgrNo=,4,4.5
341,[15%중복쿠폰+T11%]동서 카누미니 다크/마일드/라이트/아이스블렌드 120T [라떼/아메리,https://www.11st.co.kr/products/2461185957?inpu=&trTypeCd=&trCtgrNo=,3459,4.7
342,밥맛좋은 경기미 10kg/20kg,https://www.11st.co.kr/products/3065385343?inpu=&trTypeCd=&trCtgrNo=,387,4.6
343,[30%][네파키즈] FW 상품 입고/티셔츠/팬츠/상하세트,https://www.11st.co.kr/products/4621593388?inpu=&trTypeCd=&trCtgrNo=,610,4.6
344,국산 KF-AD/KF94/KF99 마스크 100매(대형)/장당129원/새부리형/식약처허가/비말차단/숨,https://www.11st.co.kr/products/4256181089?inpu=&trTypeCd=&trCtgrNo=,277,4.6
345,달리샵 20%+10% ~100종! 반팔티/팬츠/원피스/블라우스/트레이닝 외,https://www.11st.co.kr/products/602904262?inpu=&trTypeCd=&trCtgrNo=,45579,4.1
346,[3M] 베이직 더블액션 물걸레 청소포 120매 외 막대걸레 밀대 청소포리필,https://www.11st.co.kr/products/1651638257?inpu=&trTypeCd=&trCtgrNo=,15091,4.6
347,잘풀리는집 명작순수 3겹 30Mx30롤 2팩,https://www.11st.co.kr/products/3878661838?inpu=&trTypeCd=&trCtgrNo=,279,4.8
348,하림이닭 저염닭가슴살 블랙페퍼 100g 10봉,https://www.11st.co.kr/products/4485221060?inpu=&trTypeCd=&trCtgrNo=,62,4.7
349,[11톡10%+T11%]프로메가 오메가3 알티지 오메가3 혈행개선 모음전,https://www.11st.co.kr/products/1374880470?inpu=&trTypeCd=&trCtgrNo=,19944,4.6
350,[11톡10%+T11%]아이클리어 루테인 지아잔틴 3박스 외 건강식품 모음,https://www.11st.co.kr/products/1489973102?inpu=&trTypeCd=&trCtgrNo=,10478,4.6
351,덴프스 트루바이타민 1440mg x 30포 JJ,https://www.11st.co.kr/products/3108487630?inpu=&trTypeCd=&trCtgrNo=,269,4.8
352,LG 올레드 OLED TV OLED55A1ENA 138cm(55),https://www.11st.co.kr/products/3487134707?inpu=&trTypeCd=&trCtgrNo=,465,4.8
353,[11톡10%+T11%]락토핏 생유산균 골드 5X 키즈 베베 슬림 코어 로얄 유산균모음,https://www.11st.co.kr/products/104792525?inpu=&trTypeCd=&trCtgrNo=,73689,4.7
354,삼성 갤럭시Z플립4 클리어 슬림 투명 케이스 EF-QF721,https://www.11st.co.kr/products/4764906689?inpu=&trTypeCd=&trCtgrNo=,2,5
355,[20%+10%+T11%] 머지 NEW&HOT 썸머 메이크업 단독가+증정! 마스카라/라이너/틴트/섀도,https://www.11st.co.kr/products/2982751420?inpu=&trTypeCd=&trCtgrNo=,763,4.6
356,무형광 5000매핸드타올 뽑아쓰는종이수건 페이퍼타올 C,https://www.11st.co.kr/products/2754479048?inpu=&trTypeCd=&trCtgrNo=,1039,4.7
357,BEST11번가대표 강아지간식 네츄럴코어 애견간식 강아지껌 껌 시저 애견사사미,https://www.11st.co.kr/products/15031758?inpu=&trTypeCd=&trCtgrNo=,371796,4.8
358,공식파트너 삼성 비스포크 양문형 냉장고 RF85B9001AP 1등급 4도어 코타,https://www.11st.co.kr/products/4284018237?inpu=&trTypeCd=&trCtgrNo=,125,4.9
359,[예가한복]우리아이 취향저격 아동한복 모음/여아/남아/아이/돌복/추석/유아,https://www.11st.co.kr/products/1319830832?inpu=&trTypeCd=&trCtgrNo=,3900,4.5
360,[8/1~8/31 피죤15%] 피죤 프리미엄 섬유유연제 3100mlx4개 인기용량 최근생산 피죤공식,https://www.11st.co.kr/products/240049770?inpu=&trTypeCd=&trCtgrNo=,158799,4.6
361,[경주] 국민힐링파크 야외수영장&바베큐 (취사가능)/경주물놀이장/야외수영장/아이랑/,https://www.11st.co.kr/products/4510926684?inpu=&trTypeCd=&trCtgrNo=,3,4.3
362,유록스 애드블루 요소수 AdBlue 디젤 요소수 10L 벤츠 BMW 아우디 폭스바겐 현대,https://www.11st.co.kr/products/4119975442?inpu=&trTypeCd=&trCtgrNo=,219,4.8
363,[고래마스크 공식] 컬러 중형/대형 트러블제로 연베이지 1박스 50매,https://www.11st.co.kr/products/3130086656?inpu=&trTypeCd=&trCtgrNo=,4138,4.6
364,[아모레퍼시픽] 추석 선물세트 최대혜택(아이오페/한율/라네즈/에스트라/마몽드),https://www.11st.co.kr/products/1678632786?inpu=&trTypeCd=&trCtgrNo=,27475,4.8
365,종가집 행복이온 포기김치 10kg,https://www.11st.co.kr/products/4171378499?inpu=&trTypeCd=&trCtgrNo=,72,4.8
366,[강순의명가] 나주곰탕 600g 6팩 총12인분,https://www.11st.co.kr/products/4422802470?inpu=&trTypeCd=&trCtgrNo=,1,5
367,NEW 캐츠랑 전연령 고양이사료 5kg 1/2/3입,https://www.11st.co.kr/products/4070316307?inpu=&trTypeCd=&trCtgrNo=,333,4.8
368,아이깨끗해 손세정제 222ml 리필x6개 + 순100ml리필x3개/핸드워시,https://www.11st.co.kr/products/1544304528?inpu=&trTypeCd=&trCtgrNo=,23185,4.7
369,맛있는 원두커피 1kg 대용량/10+1 행사/신선한 당일로스팅 원두/홀릭커피,https://www.11st.co.kr/products/1074542537?inpu=&trTypeCd=&trCtgrNo=,28066,4.7
370,오늘반찬은 신선한란 30알,https://www.11st.co.kr/products/3369951202?inpu=&trTypeCd=&trCtgrNo=,6109,4.7
371,올스탠다드 알카라인 건전지 40알 혼합/ AA / AAA /택1 가성비 배터리,https://www.11st.co.kr/products/2847828806?inpu=&trTypeCd=&trCtgrNo=,2895,4.7
372,태비 하리노키티 4L x 6개,https://www.11st.co.kr/products/2228789944?inpu=&trTypeCd=&trCtgrNo=,347,4.7
373,[11번가 판매1위!]국내산 종이컵 2000개/커피/자판기,https://www.11st.co.kr/products/92261532?inpu=&trTypeCd=&trCtgrNo=,108179,4.9
374,[동서식품]맥심 모카골드 커피믹스 400T,https://www.11st.co.kr/products/2714137529?inpu=&trTypeCd=&trCtgrNo=,1166,4.8
375,(맛)종가집 우리땅 열무김치 5kg,https://www.11st.co.kr/products/4486770291?inpu=&trTypeCd=&trCtgrNo=,56,4.7
376,아이깨끗해 핸드워시 순4.5L 용기x1개+공용기x2개 / 소소공방 제습제 2종 / 휴족시간,https://www.11st.co.kr/products/2814229969?inpu=&trTypeCd=&trCtgrNo=,2323,4.8
377,바디럽 퓨어썸 필터샤워기/시그니처 신제품/세면대용/주방용/필터모음전,https://www.11st.co.kr/products/2267926742?inpu=&trTypeCd=&trCtgrNo=,23223,4.6
378,"[쿠폰가 15,220원~]바리스타룰스 그란데 아메리카노 2종 /라떼 12팩/24팩",https://www.11st.co.kr/products/3412764056?inpu=&trTypeCd=&trCtgrNo=,4103,4.7
379,다우니 프리미엄 세탁세제 액체형 2.8Lx2개 (실내건조) [D150*2],https://www.11st.co.kr/products/3393593862?inpu=&trTypeCd=&trCtgrNo=,487,4.7
380,[10%쿠폰+T11%] 원더브라 최신상 브라팬티 1종 라인업,https://www.11st.co.kr/products/1745131667?inpu=&trTypeCd=&trCtgrNo=,60254,4.6
381,대용량 초콜릿 스니커즈 몰티져스 엠앤엠즈 트윅스 스키틀즈 이클립스,https://www.11st.co.kr/products/2205395439?inpu=&trTypeCd=&trCtgrNo=,28642,4.7
382,[8월물가안정]크리오 대표 BEST 구강 모음전,https://www.11st.co.kr/products/2531535593?inpu=&trTypeCd=&trCtgrNo=,3550,4.6
383,비닐봉투 검정 쓰레기 비닐 재활용봉지,https://www.11st.co.kr/products/2753773287?inpu=&trTypeCd=&trCtgrNo=,3574,4.6
384,[얀니허그] UFO 수유쿠션-코튼/ 쌍둥이 육아템/ 짱구베개/ 셀프수유,https://www.11st.co.kr/products/2594834048?inpu=&trTypeCd=&trCtgrNo=,117,4.7
385,샤프란 아우라 8L 대용량섬유유연제 윌유메리미,https://www.11st.co.kr/products/3811632765?inpu=&trTypeCd=&trCtgrNo=,88,4.8
386,트레이닝 세트 후드티 빅사이즈 트레이닝복 츄리닝 커플 여성,https://www.11st.co.kr/products/3995693127?inpu=&trTypeCd=&trCtgrNo=,,
387,[2021년햅쌀] 보성농협 보성다향미 쌀20kg 상등급 백미 당일도정 잡곡,https://www.11st.co.kr/products/141903739?inpu=&trTypeCd=&trCtgrNo=,32035,4.7
388,[ALOE 잇몸미세모칫솔 32개]런칭 국내산 미세모 항균칫솔 32개/64개 대용량(+비건치약,https://www.11st.co.kr/products/4243406153?inpu=&trTypeCd=&trCtgrNo=,788,4.6
389,[준쥬얼리]한가위선물 준비! 14K18K목걸이/귀걸이/팔찌/발찌/반지/피어싱 79종_(당일상,https://www.11st.co.kr/products/4492984837?inpu=&trTypeCd=&trCtgrNo=,28,4.3
390,독일토분받침 15호,https://www.11st.co.kr/products/2284456951?inpu=&trTypeCd=&trCtgrNo=,9,4.8
391,[포장전용]피자헛 돈마호크 에그타르트 L 세트,https://www.11st.co.kr/products/4782772308?inpu=&trTypeCd=&trCtgrNo=,13,4.8
392,[삼성][정품/당일출고] 삼성 갤럭시S22 자급제 공기계 SM-S901N,https://www.11st.co.kr/products/4440322499?inpu=&trTypeCd=&trCtgrNo=,58,4.8
393,[BEST]스마트에코 베이직 캡형물티슈 100매X20팩 아기물티슈,https://www.11st.co.kr/products/1202785501?inpu=&trTypeCd=&trCtgrNo=,93683,4.6
394,[제주의맛] 제주 하우스감귤 3kg 5kg,https://www.11st.co.kr/products/3562821435?inpu=&trTypeCd=&trCtgrNo=,184,4.6
395,[10+20%Coupon] 블루레이스外 가을신상&여름 최!종! 블라우스/원피스/스커트/팬츠,https://www.11st.co.kr/products/2217389058?inpu=&trTypeCd=&trCtgrNo=,5337,4.1
396,[20%+T11%] 네이처리퍼블릭 애프터 썸머케어 ~70%(선스틱/수딩젤/시카/블랙빈),https://www.11st.co.kr/products/70421035?inpu=&trTypeCd=&trCtgrNo=,15422,4.6
397,다우니 섬유유연제 아로마 플로럴 8.5L 대용량,https://www.11st.co.kr/products/4114523045?inpu=&trTypeCd=&trCtgrNo=,2,5
398,[10%+20%쿠폰] 쉬즈미스 르오트 외 가을신상+여름시즌오프 겨울한정수량 원피스/블라우,https://www.11st.co.kr/products/1897904433?inpu=&trTypeCd=&trCtgrNo=,25314,4.3
399,송산 캠벨포도 1.5kg/박스 (4~6송이),https://www.11st.co.kr/products/2826008053?inpu=&trTypeCd=&trCtgrNo=,272,4.5
400,동원에프앤비 동원 튜나리챔 100호 선물세트,https://www.11st.co.kr/products/4778275908?inpu=&trTypeCd=&trCtgrNo=,,
401,스타벅스/일리 캡슐 커피 100 캡슐 네스프레소 호환,https://www.11st.co.kr/products/3044902797?inpu=&trTypeCd=&trCtgrNo=,801,4.8
402,2022년 첫출하 해풍맞은 해남 세척 햇 고구마 3kg 5kg #무농약 #베니하루카,https://www.11st.co.kr/products/3901959984?inpu=&trTypeCd=&trCtgrNo=,7560,4.6
403,1kg원두커피 갓볶은 대용량원두 10+1 행사(베트남로부스타제외),https://www.11st.co.kr/products/1422081221?inpu=&trTypeCd=&trCtgrNo=,5165,4.7
404,삼정펄프 리빙 슈퍼롱33M 라벤더향 30롤x2팩 1980M대용량! /삼정펄프/화장지/3겹휴지/,https://www.11st.co.kr/products/1288557059?inpu=&trTypeCd=&trCtgrNo=,6746,4.5
405,[푸드뱅크] 국산 겉절이2Kg / 맛없다면 무료반품,https://www.11st.co.kr/products/3498603600?inpu=&trTypeCd=&trCtgrNo=,582,4.3
406,"[20%+10%][최종혜택가 9,940원 무배]추석 음식보관 강추! 완벽 진공 밀폐 포레버락 밀",https://www.11st.co.kr/products/2657027646?inpu=&trTypeCd=&trCtgrNo=,1224,4.5
407,[에블린 리오프닝] BEST 브라팬티세트/캐미솔/슬립/가운/홈웨어,https://www.11st.co.kr/products/4711378061?inpu=&trTypeCd=&trCtgrNo=,,
408,뉴땡큐 3겹 30롤 x 2팩 /60롤 화장지,https://www.11st.co.kr/products/1915982395?inpu=&trTypeCd=&trCtgrNo=,5230,4.1
409,삼성전자 비스포크제트 VS20A956AVW 자가설치,https://www.11st.co.kr/products/4748079219?inpu=&trTypeCd=&trCtgrNo=,3,4.3
410,[1+1] 100리터 초대형 이불 정리 파우치,https://www.11st.co.kr/products/4039107112?inpu=&trTypeCd=&trCtgrNo=,96,4.2
411,[21년산] 이맛쌀 20kg,https://www.11st.co.kr/products/2826694859?inpu=&trTypeCd=&trCtgrNo=,20165,4.7
412,[카드할인] 애플워치SE 44mm GPS 실버 알루미늄 케이스 어비스블루 스포츠 밴드 [MKQ4,https://www.11st.co.kr/products/4498451003?inpu=&trTypeCd=&trCtgrNo=,43,4.8
413,"풀무원 소시지, 황금밥알 볶음밥 등 골라담기+[증]짜장소스",https://www.11st.co.kr/products/2546228359?inpu=&trTypeCd=&trCtgrNo=,4615,4.7
414,리빙 크리미 무포름 화장지 3겹 30롤x3 (총 90롤)/2중고온스팀,https://www.11st.co.kr/products/1151035390?inpu=&trTypeCd=&trCtgrNo=,12380,4.4
415,팔레오 고칼슘 산양유 프로틴 280g / 써클,https://www.11st.co.kr/products/4183793585?inpu=&trTypeCd=&trCtgrNo=,43,4.9
416,[더신선] 태안 활 왕새우 1kg 34-38미 / 드디어 첫 출하! 차원이 다른 신선함!,https://www.11st.co.kr/products/2961482254?inpu=&trTypeCd=&trCtgrNo=,27964,4.6
417,[10%+20%쿠폰] 시즌오프&간절기 가을 빅사이즈 밴딩 슬랙스 팬츠 3XL 4XL 스판 팬츠 반,https://www.11st.co.kr/products/1708552609?inpu=&trTypeCd=&trCtgrNo=,5378,4.1
418,Original 땡큐 3겹 30롤 x 2팩,https://www.11st.co.kr/products/2918620428?inpu=&trTypeCd=&trCtgrNo=,1336,4.4
419,스틸가드핏 컬러/KF94 대형/소형/초소형 5가지컬러 100매입 국산 2D/3D 새부리형 마스,https://www.11st.co.kr/products/3563489845?inpu=&trTypeCd=&trCtgrNo=,3082,4.7
420,"[쿠폰가16,930원]영광 법성포 굴비 40마리 2.2kg내외 / 가정용 / 수산물이력제",https://www.11st.co.kr/products/1831472422?inpu=&trTypeCd=&trCtgrNo=,2611,4.2
421,[~50%]이니스프리 한가위 대잔치 마스크팩/선크림/알로에/폼/레티놀/씨드세럼/노세범/,https://www.11st.co.kr/products/1853539099?inpu=&trTypeCd=&trCtgrNo=,5458,4.8
422,주니어브라 1.2.3 단계별 쥬니어속옷 스포츠브라 런닝,https://www.11st.co.kr/products/857467472?inpu=&trTypeCd=&trCtgrNo=,7818,4.5
423,[예가한복]우리아이 취향저격 아동한복 모음/여아/남아/아이/돌복/추석/유아,https://www.11st.co.kr/products/1319830832?inpu=&trTypeCd=&trCtgrNo=,3903,4.5
424,코디 라벤다 스페셜 30mx30롤 3팩,https://www.11st.co.kr/products/4031739964?inpu=&trTypeCd=&trCtgrNo=,5162,4.7
425,[최대70％] 불스원 바캉스용품 모음 (불스원샷 와이퍼 에어컨필터 디퓨저 방향제 워셔,https://www.11st.co.kr/products/1984421473?inpu=&trTypeCd=&trCtgrNo=,28701,4.7
426,테크 베이킹+구연산 액체세제1.8L 4개 한박스,https://www.11st.co.kr/products/3761016884?inpu=&trTypeCd=&trCtgrNo=,16959,4.7
427,[맛꾼푸드] 해남 베니하루카 햇 꿀고구마 3kg 5kg,https://www.11st.co.kr/products/1290794455?inpu=&trTypeCd=&trCtgrNo=,48639,4.4
428,"[쿠폰가 13,600원~]맘마밀 이유식/요미요미 유기농주스 아기과자 주스 모음전",https://www.11st.co.kr/products/2531389722?inpu=&trTypeCd=&trCtgrNo=,5841,4.8
429,멘소래담 롤온 로션 50ml + 쿨 롤온 로션 50ml (+비브 시카 딥 클렌징폼),https://www.11st.co.kr/products/4461604992?inpu=&trTypeCd=&trCtgrNo=,118,4.7
430,종근당건강 락토핏 5X 생유산균 골드 2g 50포 6통,https://www.11st.co.kr/products/4677048600?inpu=&trTypeCd=&trCtgrNo=,46,4.7
431,"[농할가8,720원] 경산자인농협 옹골찬 천도복숭아 2kg #100g이상 #대과 #특대과",https://www.11st.co.kr/products/4535789888?inpu=&trTypeCd=&trCtgrNo=,853,4.3
432,벡셀 아이벡셀 알카라인 건전지 AA 40알 20알[벌크],https://www.11st.co.kr/products/3699790014?inpu=&trTypeCd=&trCtgrNo=,532,4.8
433,"[해수부 30% 쿠폰 다운][생물][국산] 생오징어 (소, 마리)",https://www.11st.co.kr/products/2914135328?inpu=&trTypeCd=&trCtgrNo=,416,4.6
434,로슈공식대리점 아큐첵 퍼포마 혈당시험지 2박스 100매d(23년11월),https://www.11st.co.kr/products/82540161?inpu=&trTypeCd=&trCtgrNo=,4045,4.7
435,[시크루즈] 50%+즉할15%+추가15%/시즌오프/간절기/가을신상/롱원피스/세트/가디건/빅사,https://www.11st.co.kr/products/3204369862?inpu=&trTypeCd=&trCtgrNo=,21467,4.2
436,에버콜라겐 인앤업 플러스 750mg x 56정,https://www.11st.co.kr/products/4291092028?inpu=&trTypeCd=&trCtgrNo=,43,4.7
437,3M 다목적 컴포트 그립장갑 (오렌지),https://www.11st.co.kr/products/3189059875?inpu=&trTypeCd=&trCtgrNo=,2,5
438,아라크네 콤비블라인드 1위 롤스크린 암막 커튼 거실 창문,https://www.11st.co.kr/products/33703724?inpu=&trTypeCd=&trCtgrNo=,45302,4.7
439,[즉시할인15%][닥터린] 송중기의 초임계 추출 알티지 오메가3 x 5박스 +인케어 2박스,https://www.11st.co.kr/products/3411704300?inpu=&trTypeCd=&trCtgrNo=,1792,4.6
440,레피젠 SD바이오 진단키트 2개입 X 5개 (10회분) 손소독티슈 30매 코로나자가진단키트,https://www.11st.co.kr/products/4678047528?inpu=&trTypeCd=&trCtgrNo=,96,4.7
441,아모스 녹차실감 샴푸액 지성타입 500ml 1개_B,https://www.11st.co.kr/products/1894225861?inpu=&trTypeCd=&trCtgrNo=,441,4.7
442,순담 베이킹소다 5kg 주방세제 세정제 표백제 세제,https://www.11st.co.kr/products/3116448835?inpu=&trTypeCd=&trCtgrNo=,162,4.6
443,카누 마일드 미니 150T X 1,https://www.11st.co.kr/products/3881936943?inpu=&trTypeCd=&trCtgrNo=,56,4.7
444,[바이탈뷰티] 멀티비타민미네랄 120g [800mg X 150정],https://www.11st.co.kr/products/4033892698?inpu=&trTypeCd=&trCtgrNo=,,
445,[10%중복쿠폰+T11%]T.O.P 컵커피 에스프레소 5종 300mlx10개+티오피 에코백 [컵커피/티,https://www.11st.co.kr/products/2553507275?inpu=&trTypeCd=&trCtgrNo=,1046,4.6
446,바이오더마(센시비오 H2O 500ml+센시비오 H2O 500ml),https://www.11st.co.kr/products/1948980918?inpu=&trTypeCd=&trCtgrNo=,15,4.8
447,"[산지명인]목포 흑산도 홍어 명절선물세트 500g+회초장, 1kg 이상 구매시 홍어애까지",https://www.11st.co.kr/products/4189214951?inpu=&trTypeCd=&trCtgrNo=,160,4.6
448,종근당 비타민C 1000mg 600정 정품 고함량비타민씨,https://www.11st.co.kr/products/3069501774?inpu=&trTypeCd=&trCtgrNo=,1678,4.8
449,[10%+20%쿠폰] 스케쳐스 고워크5/맥스쿠셔닝/워킹화 BEST 모음,https://www.11st.co.kr/products/2285682211?inpu=&trTypeCd=&trCtgrNo=,14355,4.6
450,saving 핸드타올 2겹 5000매 무형광 무색소 A급 친환경,https://www.11st.co.kr/products/68301300?inpu=&trTypeCd=&trCtgrNo=,2470,4.7
451,[Hmall]일동후디스 하이뮨 프로틴 밸런스 6통 + 전용스푼 3개 + 전용보틀 1개,https://www.11st.co.kr/products/4002723740?inpu=&trTypeCd=&trCtgrNo=,287,4.7
452,(특가)락스 2Lx6개 지비락스 락스 살균 소독 세정제 곰팡이세정제 펑크린 욕실세정제,https://www.11st.co.kr/products/664526534?inpu=&trTypeCd=&trCtgrNo=,7528,4.5
453,하림 칼집 낸 요리비엔나 1kg,https://www.11st.co.kr/products/1674804115?inpu=&trTypeCd=&trCtgrNo=,504,4.7
454,[10%+10%쿠폰] 휠라 성인 의류/운동화/스니커즈/모자/잡화 최대 혜택 모음전!,https://www.11st.co.kr/products/3610042166?inpu=&trTypeCd=&trCtgrNo=,6458,4.5
455,[T멤버쉽11%]맥심 카누 다크/마일드 미니 100T+20T[아메리카노/원두커피/디카페인/라떼,https://www.11st.co.kr/products/599378817?inpu=&trTypeCd=&trCtgrNo=,18598,4.6
456,모토로라 생활무전기 TALKABOUT T82 무전기 2대 풀세트,https://www.11st.co.kr/products/3141430135?inpu=&trTypeCd=&trCtgrNo=,128,4.8
457,요일팬티 5매/여성/여자/팬티/속옷/맥시/미디/위생/면/세트/노라인/햄/삼각/데일리,https://www.11st.co.kr/products/153981235?inpu=&trTypeCd=&trCtgrNo=,52061,4.5
458,ㅡ자 직 벌림 스냅링 플라이어 키누끼 5인치,https://www.11st.co.kr/products/3000799891?inpu=&trTypeCd=&trCtgrNo=,,
459,"에너자이저 알카라인 대용량 건전지 AA,AAA 48알 /C형/D형/코인건전지",https://www.11st.co.kr/products/1662586943?inpu=&trTypeCd=&trCtgrNo=,18766,4.7
460,[서울/부산] 키자니아 서울/부산 이용권 8월,https://www.11st.co.kr/products/4712002667?inpu=&trTypeCd=&trCtgrNo=,20,4.5
461,오늘반찬은 신선한란 30알,https://www.11st.co.kr/products/3369951202?inpu=&trTypeCd=&trCtgrNo=,6110,4.7
462,[청년누룽지] 구수한 누룽지 3KG 대용량 / 100% 국내산 쌀로 제조 / 솥뚜껑,https://www.11st.co.kr/products/4747044731?inpu=&trTypeCd=&trCtgrNo=,28,4.5
463,[T11%]리엔 물들임 새치커버 샴푸 450ml+트리트먼트 150ml,https://www.11st.co.kr/products/4460510414?inpu=&trTypeCd=&trCtgrNo=,1512,4.3
464,[온더바디] 오싹오싹 쿨링 바디워시 풋샴푸 기획전,https://www.11st.co.kr/products/2318728432?inpu=&trTypeCd=&trCtgrNo=,9121,4.7
465,2022년 햅쌀 천년지기 백미 쌀 5kg 소포장쌀 햅쌀,https://www.11st.co.kr/products/3018203298?inpu=&trTypeCd=&trCtgrNo=,489,4.5
466,"[노브랜드][냉동] 돼지 목심 바로구이 (1,000g)",https://www.11st.co.kr/products/3653976123?inpu=&trTypeCd=&trCtgrNo=,1988,4.7
467,[입점행사]100% 국산 전라도 묵은지 3kg 5kg,https://www.11st.co.kr/products/3354461349?inpu=&trTypeCd=&trCtgrNo=,158,4.4
468,썬리취 무색소 체다슬라이스치즈 1.8kg,https://www.11st.co.kr/products/3047008676?inpu=&trTypeCd=&trCtgrNo=,132,4.8
469,[10+10] 모나리자 내추럴 플러스 물티슈(캡형) 100매 10+10팩,https://www.11st.co.kr/products/4778499055?inpu=&trTypeCd=&trCtgrNo=,1,3
470,[30% 즉시할인!]온더바디 바디워시 모음,https://www.11st.co.kr/products/3775709943?inpu=&trTypeCd=&trCtgrNo=,7739,4.7
471,[추석맞이 초특가|최종68만]HP 파빌리온15-eg2111TU 인텔 최신 12세대 엘더레이크/8GB,https://www.11st.co.kr/products/4620351376?inpu=&trTypeCd=&trCtgrNo=,,
472,넘버즈인 3번 도자기결 파데스킵 톤업베이지 50ml,https://www.11st.co.kr/products/4277426666?inpu=&trTypeCd=&trCtgrNo=,2,5
473,명절 선물 프리미엄 4호 간장 혼합 선물세트(식용유+진간장+맛술+올리고당),https://www.11st.co.kr/products/2541794674?inpu=&trTypeCd=&trCtgrNo=,66,4.6
474,삼육두유 190ml X 40입/파우치/테트라팩/대용량팩 모음,https://www.11st.co.kr/products/3926264586?inpu=&trTypeCd=&trCtgrNo=,4899,4.8
475,(아이스컵-대만정품)20온스 투명 PET컵-Ø92 1000개,https://www.11st.co.kr/products/1704505849?inpu=&trTypeCd=&trCtgrNo=,1,5
476,다우니 프리미엄 세탁세제 액체형 2.8Lx2개 (실내건조) [D150*2],https://www.11st.co.kr/products/3393593862?inpu=&trTypeCd=&trCtgrNo=,487,4.7
477,[PG][PG정품]다우니 고농축 섬유유연제 아로마플로럴 8.5x2개(아로마or로맨스,https://www.11st.co.kr/products/2338422001?inpu=&trTypeCd=&trCtgrNo=,347,4.6
478,Gts홍보 공업용랩 스트레치필름 산업용 /정량정품/4롤박스/파레트랩/포장용랩/공업용랩,https://www.11st.co.kr/products/1561995769?inpu=&trTypeCd=&trCtgrNo=,471,4.7
479,[100매] 한스웰 국산 KF94 식약처 의약외품 황사 미세먼지차단 3중 일회용마스크 개별,https://www.11st.co.kr/products/3040074067?inpu=&trTypeCd=&trCtgrNo=,6232,4.5
480,비닐봉투 쓰레기 봉지 재활용 평판 배접 대형비닐 검정봉투,https://www.11st.co.kr/products/124871225?inpu=&trTypeCd=&trCtgrNo=,25691,4.7
481,[찜20%+T11%]명절 선물의 정석! 미샤 추석 기획세트 외 스킨케어 최대 50%,https://www.11st.co.kr/products/2705496266?inpu=&trTypeCd=&trCtgrNo=,30742,4.7
482,비닐봉투 검정 쓰레기 비닐 재활용봉지,https://www.11st.co.kr/products/2753773287?inpu=&trTypeCd=&trCtgrNo=,3574,4.6
483,도브 화이트 뷰티바 핑크 센서티브바 대용량 비누 12개 세안 세수비누 손세정제,https://www.11st.co.kr/products/625718992?inpu=&trTypeCd=&trCtgrNo=,1377,4.6
484,몬스터랙 2/3/4/5/6/7단 전사이즈 맞춤제작 무볼트간편조립 철제 다용도 앵글 선반,https://www.11st.co.kr/products/1420246166?inpu=&trTypeCd=&trCtgrNo=,3904,4.4
485,[진세노사이드12mg 고함량 6년근 홍삼정60포]배도라지 스틱/려원담 홍삼정 선물+쇼핑백,https://www.11st.co.kr/products/4262568706?inpu=&trTypeCd=&trCtgrNo=,29,4.5
486,[JW중외제약] 리얼메디 산양유 단백질 총3통 분말 3W 초유 프로틴 마스터 유청 보충제,https://www.11st.co.kr/products/3849455722?inpu=&trTypeCd=&trCtgrNo=,754,4.6
487,"[30%쿠폰]가을신상&시즌오프 6,930원~ 블라우스/원피스/슬랙스/팬츠/트레이닝세트/자켓",https://www.11st.co.kr/products/4700403773?inpu=&trTypeCd=&trCtgrNo=,7,3.7
488,아이깨끗해 손세정제 222ml 리필x6개 + 순100ml리필x3개/핸드워시,https://www.11st.co.kr/products/1544304528?inpu=&trTypeCd=&trCtgrNo=,23186,4.7
489,[그린리필]매직캔 이지캔 호환 리필봉투 250/280 국내산 쓰레기봉투,https://www.11st.co.kr/products/2480787972?inpu=&trTypeCd=&trCtgrNo=,17,4.9
490,삼성 갤럭시Z플립4 클리어 슬림 투명 케이스 EF-QF721,https://www.11st.co.kr/products/4764906689?inpu=&trTypeCd=&trCtgrNo=,2,5
491,[5만원권] 해피머니 온라인상품권 카드결제가능,https://www.11st.co.kr/products/2770590446?inpu=&trTypeCd=&trCtgrNo=,9319,4.9
492,두피 타입별 고민 솔루션! 라우쉬 BEST 기획전 (샴푸/린스/트리트먼트/헤어토닉/비듬각,https://www.11st.co.kr/products/3242511831?inpu=&trTypeCd=&trCtgrNo=,744,4.8
493,잘풀리는집 명작순수 3겹 30Mx30롤 2팩,https://www.11st.co.kr/products/3878661838?inpu=&trTypeCd=&trCtgrNo=,279,4.8
494,[100% 국내제조] 하이비 그로미미 더블하트 외 다수호환 교체용 빨대 리필 모음전,https://www.11st.co.kr/products/2928469888?inpu=&trTypeCd=&trCtgrNo=,1183,4.7
495,[태풍몰][T멤버십11%]동서 카누라떼/더블샷라떼 50Tx2개+플랫텀블러+패들포인트[돌체라,https://www.11st.co.kr/products/1714464898?inpu=&trTypeCd=&trCtgrNo=,1888,4.7
496,포스트 오레오 오즈500g+오곡코코볼570g+시리얼용기1.0L [콘푸 라이트/시리얼/간식/그,https://www.11st.co.kr/products/1685638532?inpu=&trTypeCd=&trCtgrNo=,1422,4.6
497,[50매]네이처에어 KF94 새부리형마스크 최고급 안감/넙적끈/대형/소형/초소형/어린이/,https://www.11st.co.kr/products/3938225471?inpu=&trTypeCd=&trCtgrNo=,1188,4.6
498,다우니 초고농축 섬유유연제 엑스퍼트 실내건조 4L 2개,https://www.11st.co.kr/products/4492552418?inpu=&trTypeCd=&trCtgrNo=,221,4.8
499,무 료 배 송 500gx2 총1kg/신선한 원두커피 / 사 은 품 증 정,https://www.11st.co.kr/products/1523066227?inpu=&trTypeCd=&trCtgrNo=,26982,4.6
